0: GpuFreq=control_disabled
0: /lustre/fs1/portfolios/coreai/projects/coreai_dlalgo_genai/users/ykarnati/public/Megatron-LM/.worktrees/encoder-offload-pr/megatron/core/models/mimo/config/base_configs.py:13: UserWarning: MimoModelConfig is experimental and still under active development. The API may change without notice in future releases.
0:   class MimoModelConfig:
0: 2026-04-05 22:42:15,466 [INFO] __main__: Running single experiment: 3b32b_4n_offload_oom_memprofile
0: 2026-04-05 22:42:15,466 [INFO] benchmarks.mimo_throughput.training: Starting benchmark: 3b32b_4n_offload_oom_memprofile (pp_mode=colocated)
0: 2026-04-05 22:42:15,467 [INFO] absl: Generated process group for tp with enumeration [[0, 1, 2, 3], [4, 5, 6, 7], [8, 9, 10, 11], [12, 13, 14, 15], [16, 17, 18, 19], [20, 21, 22, 23], [24, 25, 26, 27], [28, 29, 30, 31]]
0: 2026-04-05 22:42:15,467 [INFO] absl: Generated process group for cp with enumeration [[0], [1], [2], [3], [4], [5], [6], [7], [8], [9], [10], [11], [12], [13], [14], [15], [16], [17], [18], [19], [20], [21], [22], [23], [24], [25], [26], [27], [28], [29], [30], [31]]
0: 2026-04-05 22:42:15,468 [INFO] absl: Generated process group for pp with enumeration [[0], [1], [2], [3], [4], [5], [6], [7], [8], [9], [10], [11], [12], [13], [14], [15], [16], [17], [18], [19], [20], [21], [22], [23], [24], [25], [26], [27], [28], [29], [30], [31]]
0: 2026-04-05 22:42:15,468 [INFO] absl: Generated process group for dp with enumeration [[0, 4, 8, 12, 16, 20, 24, 28], [1, 5, 9, 13, 17, 21, 25, 29], [2, 6, 10, 14, 18, 22, 26, 30], [3, 7, 11, 15, 19, 23, 27, 31]]
0: 2026-04-05 22:42:15,469 [INFO] absl: Generated process group for ep with enumeration [[0], [1], [2], [3], [4], [5], [6], [7], [8], [9], [10], [11], [12], [13], [14], [15], [16], [17], [18], [19], [20], [21], [22], [23], [24], [25], [26], [27], [28], [29], [30], [31]]
0: 2026-04-05 22:42:15,469 [INFO] absl: Generated process group for expt_dp with enumeration [[0], [1], [2], [3], [4], [5], [6], [7], [8], [9], [10], [11], [12], [13], [14], [15], [16], [17], [18], [19], [20], [21], [22], [23], [24], [25], [26], [27], [28], [29], [30], [31]]
0: 2026-04-05 22:42:15,470 [INFO] absl: Generated process group for dp-cp with enumeration [[0, 4, 8, 12, 16, 20, 24, 28], [1, 5, 9, 13, 17, 21, 25, 29], [2, 6, 10, 14, 18, 22, 26, 30], [3, 7, 11, 15, 19, 23, 27, 31]]
0: 2026-04-05 22:42:15,470 [INFO] absl: Generated process group for pp-tp with enumeration [[0, 1, 2, 3], [4, 5, 6, 7], [8, 9, 10, 11], [12, 13, 14, 15], [16, 17, 18, 19], [20, 21, 22, 23], [24, 25, 26, 27], [28, 29, 30, 31]]
0: 2026-04-05 22:42:15,470 [INFO] absl: Generated process group for ep-pp-tp with enumeration [[0, 1, 2, 3], [4, 5, 6, 7], [8, 9, 10, 11], [12, 13, 14, 15], [16, 17, 18, 19], [20, 21, 22, 23], [24, 25, 26, 27], [28, 29, 30, 31]]
0: 2026-04-05 22:42:15,470 [INFO] absl: Generated process group for ep-dp with enumeration [[0, 4, 8, 12, 16, 20, 24, 28], [1, 5, 9, 13, 17, 21, 25, 29], [2, 6, 10, 14, 18, 22, 26, 30], [3, 7, 11, 15, 19, 23, 27, 31]]
0: 2026-04-05 22:42:15,471 [INFO] absl: Generated process group for ep-dp-pp-cp-tp with enumeration [[0, 1, 2, 3, 4, 5, 6, 7, 8, 9, 10, 11, 12, 13, 14, 15, 16, 17, 18, 19, 20, 21, 22, 23, 24, 25, 26, 27, 28, 29, 30, 31]]
0: 2026-04-05 22:42:15,471 [INFO] absl: Generated process group for tp with enumeration [[0, 1, 2, 3], [4, 5, 6, 7], [8, 9, 10, 11], [12, 13, 14, 15], [16, 17, 18, 19], [20, 21, 22, 23], [24, 25, 26, 27], [28, 29, 30, 31]]
0: 2026-04-05 22:42:15,471 [INFO] absl: Generated process group for cp with enumeration [[0], [1], [2], [3], [4], [5], [6], [7], [8], [9], [10], [11], [12], [13], [14], [15], [16], [17], [18], [19], [20], [21], [22], [23], [24], [25], [26], [27], [28], [29], [30], [31]]
0: 2026-04-05 22:42:15,471 [INFO] absl: Generated process group for pp with enumeration [[0, 4, 8, 12], [1, 5, 9, 13], [2, 6, 10, 14], [3, 7, 11, 15], [16, 20, 24, 28], [17, 21, 25, 29], [18, 22, 26, 30], [19, 23, 27, 31]]
0: 2026-04-05 22:42:15,472 [INFO] absl: Generated process group for dp with enumeration [[0, 16], [1, 17], [2, 18], [3, 19], [4, 20], [5, 21], [6, 22], [7, 23], [8, 24], [9, 25], [10, 26], [11, 27], [12, 28], [13, 29], [14, 30], [15, 31]]
0: 2026-04-05 22:42:15,472 [INFO] absl: Generated process group for ep with enumeration [[0], [1], [2], [3], [4], [5], [6], [7], [8], [9], [10], [11], [12], [13], [14], [15], [16], [17], [18], [19], [20], [21], [22], [23], [24], [25], [26], [27], [28], [29], [30], [31]]
0: 2026-04-05 22:42:15,472 [INFO] absl: Generated process group for expt_dp with enumeration [[0], [1], [2], [3], [4], [5], [6], [7], [8], [9], [10], [11], [12], [13], [14], [15], [16], [17], [18], [19], [20], [21], [22], [23], [24], [25], [26], [27], [28], [29], [30], [31]]
0: 2026-04-05 22:42:15,473 [INFO] absl: Generated process group for dp-cp with enumeration [[0, 16], [1, 17], [2, 18], [3, 19], [4, 20], [5, 21], [6, 22], [7, 23], [8, 24], [9, 25], [10, 26], [11, 27], [12, 28], [13, 29], [14, 30], [15, 31]]
0: 2026-04-05 22:42:15,473 [INFO] absl: Generated process group for pp-tp with enumeration [[0, 1, 2, 3, 4, 5, 6, 7, 8, 9, 10, 11, 12, 13, 14, 15], [16, 17, 18, 19, 20, 21, 22, 23, 24, 25, 26, 27, 28, 29, 30, 31]]
0: 2026-04-05 22:42:15,473 [INFO] absl: Generated process group for ep-pp-tp with enumeration [[0, 1, 2, 3, 4, 5, 6, 7, 8, 9, 10, 11, 12, 13, 14, 15], [16, 17, 18, 19, 20, 21, 22, 23, 24, 25, 26, 27, 28, 29, 30, 31]]
0: 2026-04-05 22:42:15,473 [INFO] absl: Generated process group for ep-dp with enumeration [[0, 16], [1, 17], [2, 18], [3, 19], [4, 20], [5, 21], [6, 22], [7, 23], [8, 24], [9, 25], [10, 26], [11, 27], [12, 28], [13, 29], [14, 30], [15, 31]]
0: 2026-04-05 22:42:15,473 [INFO] absl: Generated process group for ep-dp-pp-cp-tp with enumeration [[0, 1, 2, 3, 4, 5, 6, 7, 8, 9, 10, 11, 12, 13, 14, 15, 16, 17, 18, 19, 20, 21, 22, 23, 24, 25, 26, 27, 28, 29, 30, 31]]
0: /lustre/fs1/portfolios/coreai/projects/coreai_dlalgo_genai/users/ykarnati/public/Megatron-LM/.worktrees/encoder-offload-pr/megatron/core/transformer/transformer_config.py:1934: UserWarning: full scope is deprecated. Use empty cuda_graph_scope to capture the whole layer.
0:   warnings.warn(
0: /lustre/fs1/portfolios/coreai/projects/coreai_dlalgo_genai/users/ykarnati/public/Megatron-LM/.worktrees/encoder-offload-pr/benchmarks/mimo_throughput/training.py:294: UserWarning: MimoModel is experimental and still under active development. The API may change without notice in future releases.
0:   mimo_model = MimoModel(mimo_config, tp_group=llm_pg.tp)
0: 2026-04-05 22:42:15,477 [INFO] root: [Rank 0] ColocatedBridgeCommunicator: images(4TP/8DP) -> language(4TP/2DP), scale_factor=4.0
0: /lustre/fs1/portfolios/coreai/projects/coreai_dlalgo_genai/users/ykarnati/public/Megatron-LM/.worktrees/encoder-offload-pr/megatron/core/models/mimo/submodules/vision.py:33: UserWarning: ModalitySubmodules is experimental and still under active development. The API may change without notice in future releases.
0:   super().__init__(
0: 2026-04-05 22:43:01,043 [INFO] megatron.core.distributed.distributed_data_parallel: Setting up DistributedDataParallel with config DistributedDataParallelConfig(grad_reduce_in_fp32=False, overlap_grad_reduce=True, overlap_param_gather=False, align_param_gather=False, use_distributed_optimizer=True, num_distributed_optimizer_instances=1, check_for_nan_in_grad=False, check_for_large_grads=False, bucket_size=40000000, pad_buckets_for_high_nccl_busbw=False, reduce_scatter_with_fp32_accumulation=False, param_name_patterns_for_fp32_local_accumulation=(), average_in_collective=False, fp8_param_gather=False, reuse_grad_buf_for_mxfp8_param_ag=False, use_megatron_fsdp=False, use_custom_fsdp=False, data_parallel_sharding_strategy='no_shard', gradient_reduce_div_fusion=True, suggested_communication_unit_size=None, keep_fp8_transpose_cache=False, nccl_ub=False, fsdp_double_buffer=False, fsdp_db_use_persist_buf_on_alloc_fail=False, fsdp_all_gather_in_start_param_sync=True, outer_dp_sharding_strategy='no_shard', disable_sym
0: metric_registration=False, fsdp_manual_registration=False, delay_wgrad_compute=False, megatron_fsdp_main_params_dtype=torch.float32, megatron_fsdp_main_grads_dtype=None, megatron_fsdp_grad_comm_dtype=None)
0: 2026-04-05 22:43:01,069 [INFO] megatron.core.distributed.param_and_grad_buffer: Number of buckets for gradient all-reduce / reduce-scatter: 33
0: Params for bucket 1 (75509760 elements, 75509760 padded size, 0 param(s) with extra main_grads):
0: 	decoder.layers.15.mlp.linear_fc2.bias (param.main_grad.dtype=torch.bfloat16)
0: 	decoder.layers.15.mlp.linear_fc2.weight (param.main_grad.dtype=torch.bfloat16)
0: 	decoder.layers.15.mlp.linear_fc1.bias (param.main_grad.dtype=torch.bfloat16)
0: 	decoder.layers.15.mlp.linear_fc1.weight (param.main_grad.dtype=torch.bfloat16)
0: Params for bucket 2 (75538944 elements, 75538944 padded size, 0 param(s) with extra main_grads):
0: 	decoder.layers.15.mlp.linear_fc1.layer_norm_bias (param.main_grad.dtype=torch.bfloat16)
0: 	decoder.layers.15.mlp.linear_fc1.layer_norm_weight (param.main_grad.dtype=torch.bfloat16)
0: 	decoder.layers.15.self_attention.linear_qkv.bias (param.main_grad.dtype=torch.bfloat16)
0: 	decoder.layers.15.self_attention.linear_qkv.weight (param.main_grad.dtype=torch.bfloat16)
0: 	decoder.layers.15.self_attention.linear_qkv.layer_norm_bias (param.main_grad.dtype=torch.bfloat16)
0: 	decoder.layers.15.self_attention.linear_qkv.layer_norm_weight (param.main_grad.dtype=torch.bfloat16)
0: 	decoder.layers.15.self_attention.linear_proj.bias (param.main_grad.dtype=torch.bfloat16)
0: 	decoder.layers.15.self_attention.linear_proj.weight (param.main_grad.dtype=torch.bfloat16)
0: 	decoder.layers.14.mlp.linear_fc2.bias (param.main_grad.dtype=torch.bfloat16)
0: 	decoder.layers.14.mlp.linear_fc2.weight (param.main_grad.dtype=torch.bfloat16)
0: Params for bucket 3 (66083328 elements, 66083328 padded size, 0 param(s) with extra main_grads):
0: 	decoder.layers.14.mlp.linear_fc1.bias (param.main_grad.dtype=torch.bfloat16)
0: 	decoder.layers.14.mlp.linear_fc1.weight (param.main_grad.dtype=torch.bfloat16)
0: 	decoder.layers.14.mlp.linear_fc1.layer_norm_bias (param.main_grad.dtype=torch.bfloat16)
0: 	decoder.layers.14.mlp.linear_fc1.layer_norm_weight (param.main_grad.dtype=torch.bfloat16)
0: 	decoder.layers.14.self_attention.linear_qkv.bias (param.main_grad.dtype=torch.bfloat16)
0: 	decoder.layers.14.self_attention.linear_qkv.weight (param.main_grad.dtype=torch.bfloat16)
0: Params for bucket 4 (47210496 elements, 47210496 padded size, 0 param(s) with extra main_grads):
0: 	decoder.layers.14.self_attention.linear_qkv.layer_norm_bias (param.main_grad.dtype=torch.bfloat16)
0: 	decoder.layers.14.self_attention.linear_qkv.layer_norm_weight (param.main_grad.dtype=torch.bfloat16)
0: 	decoder.layers.14.self_attention.linear_proj.bias (param.main_grad.dtype=torch.bfloat16)
0: 	decoder.layers.14.self_attention.linear_proj.weight (param.main_grad.dtype=torch.bfloat16)
0: 	decoder.layers.13.mlp.linear_fc2.bias (param.main_grad.dtype=torch.bfloat16)
0: 	decoder.layers.13.mlp.linear_fc2.weight (param.main_grad.dtype=torch.bfloat16)
0: Params for bucket 5 (66083328 elements, 66083328 padded size, 0 param(s) with extra main_grads):
0: 	decoder.layers.13.mlp.linear_fc1.bias (param.main_grad.dtype=torch.bfloat16)
0: 	decoder.layers.13.mlp.linear_fc1.weight (param.main_grad.dtype=torch.bfloat16)
0: 	decoder.layers.13.mlp.linear_fc1.layer_norm_bias (param.main_grad.dtype=torch.bfloat16)
0: 	decoder.layers.13.mlp.linear_fc1.layer_norm_weight (param.main_grad.dtype=torch.bfloat16)
0: 	decoder.layers.13.self_attention.linear_qkv.bias (param.main_grad.dtype=torch.bfloat16)
0: 	decoder.layers.13.self_attention.linear_qkv.weight (param.main_grad.dtype=torch.bfloat16)
0: Params for bucket 6 (47210496 elements, 47210496 padded size, 0 param(s) with extra main_grads):
0: 	decoder.layers.13.self_attention.linear_qkv.layer_norm_bias (param.main_grad.dtype=torch.bfloat16)
0: 	decoder.layers.13.self_attention.linear_qkv.layer_norm_weight (param.main_grad.dtype=torch.bfloat16)
0: 	decoder.layers.13.self_attention.linear_proj.bias (param.main_grad.dtype=torch.bfloat16)
0: 	decoder.layers.13.self_attention.linear_proj.weight (param.main_grad.dtype=torch.bfloat16)
0: 	decoder.layers.12.mlp.linear_fc2.bias (param.main_grad.dtype=torch.bfloat16)
0: 	decoder.layers.12.mlp.linear_fc2.weight (param.main_grad.dtype=torch.bfloat16)
0: Params for bucket 7 (66083328 elements, 66083328 padded size, 0 param(s) with extra main_grads):
0: 	decoder.layers.12.mlp.linear_fc1.bias (param.main_grad.dtype=torch.bfloat16)
0: 	decoder.layers.12.mlp.linear_fc1.weight (param.main_grad.dtype=torch.bfloat16)
0: 	decoder.layers.12.mlp.linear_fc1.layer_norm_bias (param.main_grad.dtype=torch.bfloat16)
0: 	decoder.layers.12.mlp.linear_fc1.layer_norm_weight (param.main_grad.dtype=torch.bfloat16)
0: 	decoder.layers.12.self_attention.linear_qkv.bias (param.main_grad.dtype=torch.bfloat16)
0: 	decoder.layers.12.self_attention.linear_qkv.weight (param.main_grad.dtype=torch.bfloat16)
0: Params for bucket 8 (47210496 elements, 47210496 padded size, 0 param(s) with extra main_grads):
0: 	decoder.layers.12.self_attention.linear_qkv.layer_norm_bias (param.main_grad.dtype=torch.bfloat16)
0: 	decoder.layers.12.self_attention.linear_qkv.layer_norm_weight (param.main_grad.dtype=torch.bfloat16)
0: 	decoder.layers.12.self_attention.linear_proj.bias (param.main_grad.dtype=torch.bfloat16)
0: 	decoder.layers.12.self_attention.linear_proj.weight (param.main_grad.dtype=torch.bfloat16)
0: 	decoder.layers.11.mlp.linear_fc2.bias (param.main_grad.dtype=torch.bfloat16)
0: 	decoder.layers.11.mlp.linear_fc2.weight (param.main_grad.dtype=torch.bfloat16)
0: Params for bucket 9 (66083328 elements, 66083328 padded size, 0 param(s) with extra main_grads):
0: 	decoder.layers.11.mlp.linear_fc1.bias (param.main_grad.dtype=torch.bfloat16)
0: 	decoder.layers.11.mlp.linear_fc1.weight (param.main_grad.dtype=torch.bfloat16)
0: 	decoder.layers.11.mlp.linear_fc1.layer_norm_bias (param.main_grad.dtype=torch.bfloat16)
0: 	decoder.layers.11.mlp.linear_fc1.layer_norm_weight (param.main_grad.dtype=torch.bfloat16)
0: 	decoder.layers.11.self_attention.linear_qkv.bias (param.main_grad.dtype=torch.bfloat16)
0: 	decoder.layers.11.self_attention.linear_qkv.weight (param.main_grad.dtype=torch.bfloat16)
0: Params for bucket 10 (47210496 elements, 47210496 padded size, 0 param(s) with extra main_grads):
0: 	decoder.layers.11.self_attention.linear_qkv.layer_norm_bias (param.main_grad.dtype=torch.bfloat16)
0: 	decoder.layers.11.self_attention.linear_qkv.layer_norm_weight (param.main_grad.dtype=torch.bfloat16)
0: 	decoder.layers.11.self_attention.linear_proj.bias (param.main_grad.dtype=torch.bfloat16)
0: 	decoder.layers.11.self_attention.linear_proj.weight (param.main_grad.dtype=torch.bfloat16)
0: 	decoder.layers.10.mlp.linear_fc2.bias (param.main_grad.dtype=torch.bfloat16)
0: 	decoder.layers.10.mlp.linear_fc2.weight (param.main_grad.dtype=torch.bfloat16)
0: Params for bucket 11 (66083328 elements, 66083328 padded size, 0 param(s) with extra main_grads):
0: 	decoder.layers.10.mlp.linear_fc1.bias (param.main_grad.dtype=torch.bfloat16)
0: 	decoder.layers.10.mlp.linear_fc1.weight (param.main_grad.dtype=torch.bfloat16)
0: 	decoder.layers.10.mlp.linear_fc1.layer_norm_bias (param.main_grad.dtype=torch.bfloat16)
0: 	decoder.layers.10.mlp.linear_fc1.layer_norm_weight (param.main_grad.dtype=torch.bfloat16)
0: 	decoder.layers.10.self_attention.linear_qkv.bias (param.main_grad.dtype=torch.bfloat16)
0: 	decoder.layers.10.self_attention.linear_qkv.weight (param.main_grad.dtype=torch.bfloat16)
0: Params for bucket 12 (47210496 elements, 47210496 padded size, 0 param(s) with extra main_grads):
0: 	decoder.layers.10.self_attention.linear_qkv.layer_norm_bias (param.main_grad.dtype=torch.bfloat16)
0: 	decoder.layers.10.self_attention.linear_qkv.layer_norm_weight (param.main_grad.dtype=torch.bfloat16)
0: 	decoder.layers.10.self_attention.linear_proj.bias (param.main_grad.dtype=torch.bfloat16)
0: 	decoder.layers.10.self_attention.linear_proj.weight (param.main_grad.dtype=torch.bfloat16)
0: 	decoder.layers.9.mlp.linear_fc2.bias (param.main_grad.dtype=torch.bfloat16)
0: 	decoder.layers.9.mlp.linear_fc2.weight (param.main_grad.dtype=torch.bfloat16)
0: Params for bucket 13 (66083328 elements, 66083328 padded size, 0 param(s) with extra main_grads):
0: 	decoder.layers.9.mlp.linear_fc1.bias (param.main_grad.dtype=torch.bfloat16)
0: 	decoder.layers.9.mlp.linear_fc1.weight (param.main_grad.dtype=torch.bfloat16)
0: 	decoder.layers.9.mlp.linear_fc1.layer_norm_bias (param.main_grad.dtype=torch.bfloat16)
0: 	decoder.layers.9.mlp.linear_fc1.layer_norm_weight (param.main_grad.dtype=torch.bfloat16)
0: 	decoder.layers.9.self_attention.linear_qkv.bias (param.main_grad.dtype=torch.bfloat16)
0: 	decoder.layers.9.self_attention.linear_qkv.weight (param.main_grad.dtype=torch.bfloat16)
0: Params for bucket 14 (47210496 elements, 47210496 padded size, 0 param(s) with extra main_grads):
0: 	decoder.layers.9.self_attention.linear_qkv.layer_norm_bias (param.main_grad.dtype=torch.bfloat16)
0: 	decoder.layers.9.self_attention.linear_qkv.layer_norm_weight (param.main_grad.dtype=torch.bfloat16)
0: 	decoder.layers.9.self_attention.linear_proj.bias (param.main_grad.dtype=torch.bfloat16)
0: 	decoder.layers.9.self_attention.linear_proj.weight (param.main_grad.dtype=torch.bfloat16)
0: 	decoder.layers.8.mlp.linear_fc2.bias (param.main_grad.dtype=torch.bfloat16)
0: 	decoder.layers.8.mlp.linear_fc2.weight (param.main_grad.dtype=torch.bfloat16)
0: Params for bucket 15 (66083328 elements, 66083328 padded size, 0 param(s) with extra main_grads):
0: 	decoder.layers.8.mlp.linear_fc1.bias (param.main_grad.dtype=torch.bfloat16)
0: 	decoder.layers.8.mlp.linear_fc1.weight (param.main_grad.dtype=torch.bfloat16)
0: 	decoder.layers.8.mlp.linear_fc1.layer_norm_bias (param.main_grad.dtype=torch.bfloat16)
0: 	decoder.layers.8.mlp.linear_fc1.layer_norm_weight (param.main_grad.dtype=torch.bfloat16)
0: 	decoder.layers.8.self_attention.linear_qkv.bias (param.main_grad.dtype=torch.bfloat16)
0: 	decoder.layers.8.self_attention.linear_qkv.weight (param.main_grad.dtype=torch.bfloat16)
0: Params for bucket 16 (47210496 elements, 47210496 padded size, 0 param(s) with extra main_grads):
0: 	decoder.layers.8.self_attention.linear_qkv.layer_norm_bias (param.main_grad.dtype=torch.bfloat16)
0: 	decoder.layers.8.self_attention.linear_qkv.layer_norm_weight (param.main_grad.dtype=torch.bfloat16)
0: 	decoder.layers.8.self_attention.linear_proj.bias (param.main_grad.dtype=torch.bfloat16)
0: 	decoder.layers.8.self_attention.linear_proj.weight (param.main_grad.dtype=torch.bfloat16)
0: 	decoder.layers.7.mlp.linear_fc2.bias (param.main_grad.dtype=torch.bfloat16)
0: 	decoder.layers.7.mlp.linear_fc2.weight (param.main_grad.dtype=torch.bfloat16)
0: Params for bucket 17 (66083328 elements, 66083328 padded size, 0 param(s) with extra main_grads):
0: 	decoder.layers.7.mlp.linear_fc1.bias (param.main_grad.dtype=torch.bfloat16)
0: 	decoder.layers.7.mlp.linear_fc1.weight (param.main_grad.dtype=torch.bfloat16)
0: 	decoder.layers.7.mlp.linear_fc1.layer_norm_bias (param.main_grad.dtype=torch.bfloat16)
0: 	decoder.layers.7.mlp.linear_fc1.layer_norm_weight (param.main_grad.dtype=torch.bfloat16)
0: 	decoder.layers.7.self_attention.linear_qkv.bias (param.main_grad.dtype=torch.bfloat16)
0: 	decoder.layers.7.self_attention.linear_qkv.weight (param.main_grad.dtype=torch.bfloat16)
0: Params for bucket 18 (47210496 elements, 47210496 padded size, 0 param(s) with extra main_grads):
0: 	decoder.layers.7.self_attention.linear_qkv.layer_norm_bias (param.main_grad.dtype=torch.bfloat16)
0: 	decoder.layers.7.self_attention.linear_qkv.layer_norm_weight (param.main_grad.dtype=torch.bfloat16)
0: 	decoder.layers.7.self_attention.linear_proj.bias (param.main_grad.dtype=torch.bfloat16)
0: 	decoder.layers.7.self_attention.linear_proj.weight (param.main_grad.dtype=torch.bfloat16)
0: 	decoder.layers.6.mlp.linear_fc2.bias (param.main_grad.dtype=torch.bfloat16)
0: 	decoder.layers.6.mlp.linear_fc2.weight (param.main_grad.dtype=torch.bfloat16)
0: Params for bucket 19 (66083328 elements, 66083328 padded size, 0 param(s) with extra main_grads):
0: 	decoder.layers.6.mlp.linear_fc1.bias (param.main_grad.dtype=torch.bfloat16)
0: 	decoder.layers.6.mlp.linear_fc1.weight (param.main_grad.dtype=torch.bfloat16)
0: 	decoder.layers.6.mlp.linear_fc1.layer_norm_bias (param.main_grad.dtype=torch.bfloat16)
0: 	decoder.layers.6.mlp.linear_fc1.layer_norm_weight (param.main_grad.dtype=torch.bfloat16)
0: 	decoder.layers.6.self_attention.linear_qkv.bias (param.main_grad.dtype=torch.bfloat16)
0: 	decoder.layers.6.self_attention.linear_qkv.weight (param.main_grad.dtype=torch.bfloat16)
0: Params for bucket 20 (47210496 elements, 47210496 padded size, 0 param(s) with extra main_grads):
0: 	decoder.layers.6.self_attention.linear_qkv.layer_norm_bias (param.main_grad.dtype=torch.bfloat16)
0: 	decoder.layers.6.self_attention.linear_qkv.layer_norm_weight (param.main_grad.dtype=torch.bfloat16)
0: 	decoder.layers.6.self_attention.linear_proj.bias (param.main_grad.dtype=torch.bfloat16)
0: 	decoder.layers.6.self_attention.linear_proj.weight (param.main_grad.dtype=torch.bfloat16)
0: 	decoder.layers.5.mlp.linear_fc2.bias (param.main_grad.dtype=torch.bfloat16)
0: 	decoder.layers.5.mlp.linear_fc2.weight (param.main_grad.dtype=torch.bfloat16)
0: Params for bucket 21 (66083328 elements, 66083328 padded size, 0 param(s) with extra main_grads):
0: 	decoder.layers.5.mlp.linear_fc1.bias (param.main_grad.dtype=torch.bfloat16)
0: 	decoder.layers.5.mlp.linear_fc1.weight (param.main_grad.dtype=torch.bfloat16)
0: 	decoder.layers.5.mlp.linear_fc1.layer_norm_bias (param.main_grad.dtype=torch.bfloat16)
0: 	decoder.layers.5.mlp.linear_fc1.layer_norm_weight (param.main_grad.dtype=torch.bfloat16)
0: 	decoder.layers.5.self_attention.linear_qkv.bias (param.main_grad.dtype=torch.bfloat16)
0: 	decoder.layers.5.self_attention.linear_qkv.weight (param.main_grad.dtype=torch.bfloat16)
0: Params for bucket 22 (47210496 elements, 47210496 padded size, 0 param(s) with extra main_grads):
0: 	decoder.layers.5.self_attention.linear_qkv.layer_norm_bias (param.main_grad.dtype=torch.bfloat16)
0: 	decoder.layers.5.self_attention.linear_qkv.layer_norm_weight (param.main_grad.dtype=torch.bfloat16)
0: 	decoder.layers.5.self_attention.linear_proj.bias (param.main_grad.dtype=torch.bfloat16)
0: 	decoder.layers.5.self_attention.linear_proj.weight (param.main_grad.dtype=torch.bfloat16)
0: 	decoder.layers.4.mlp.linear_fc2.bias (param.main_grad.dtype=torch.bfloat16)
0: 	decoder.layers.4.mlp.linear_fc2.weight (param.main_grad.dtype=torch.bfloat16)
0: Params for bucket 23 (66083328 elements, 66083328 padded size, 0 param(s) with extra main_grads):
0: 	decoder.layers.4.mlp.linear_fc1.bias (param.main_grad.dtype=torch.bfloat16)
0: 	decoder.layers.4.mlp.linear_fc1.weight (param.main_grad.dtype=torch.bfloat16)
0: 	decoder.layers.4.mlp.linear_fc1.layer_norm_bias (param.main_grad.dtype=torch.bfloat16)
0: 	decoder.layers.4.mlp.linear_fc1.layer_norm_weight (param.main_grad.dtype=torch.bfloat16)
0: 	decoder.layers.4.self_attention.linear_qkv.bias (param.main_grad.dtype=torch.bfloat16)
0: 	decoder.layers.4.self_attention.linear_qkv.weight (param.main_grad.dtype=torch.bfloat16)
0: Params for bucket 24 (47210496 elements, 47210496 padded size, 0 param(s) with extra main_grads):
0: 	decoder.layers.4.self_attention.linear_qkv.layer_norm_bias (param.main_grad.dtype=torch.bfloat16)
0: 	decoder.layers.4.self_attention.linear_qkv.layer_norm_weight (param.main_grad.dtype=torch.bfloat16)
0: 	decoder.layers.4.self_attention.linear_proj.bias (param.main_grad.dtype=torch.bfloat16)
0: 	decoder.layers.4.self_attention.linear_proj.weight (param.main_grad.dtype=torch.bfloat16)
0: 	decoder.layers.3.mlp.linear_fc2.bias (param.main_grad.dtype=torch.bfloat16)
0: 	decoder.layers.3.mlp.linear_fc2.weight (param.main_grad.dtype=torch.bfloat16)
0: Params for bucket 25 (66083328 elements, 66083328 padded size, 0 param(s) with extra main_grads):
0: 	decoder.layers.3.mlp.linear_fc1.bias (param.main_grad.dtype=torch.bfloat16)
0: 	decoder.layers.3.mlp.linear_fc1.weight (param.main_grad.dtype=torch.bfloat16)
0: 	decoder.layers.3.mlp.linear_fc1.layer_norm_bias (param.main_grad.dtype=torch.bfloat16)
0: 	decoder.layers.3.mlp.linear_fc1.layer_norm_weight (param.main_grad.dtype=torch.bfloat16)
0: 	decoder.layers.3.self_attention.linear_qkv.bias (param.main_grad.dtype=torch.bfloat16)
0: 	decoder.layers.3.self_attention.linear_qkv.weight (param.main_grad.dtype=torch.bfloat16)
0: Params for bucket 26 (47210496 elements, 47210496 padded size, 0 param(s) with extra main_grads):
0: 	decoder.layers.3.self_attention.linear_qkv.layer_norm_bias (param.main_grad.dtype=torch.bfloat16)
0: 	decoder.layers.3.self_attention.linear_qkv.layer_norm_weight (param.main_grad.dtype=torch.bfloat16)
0: 	decoder.layers.3.self_attention.linear_proj.bias (param.main_grad.dtype=torch.bfloat16)
0: 	decoder.layers.3.self_attention.linear_proj.weight (param.main_grad.dtype=torch.bfloat16)
0: 	decoder.layers.2.mlp.linear_fc2.bias (param.main_grad.dtype=torch.bfloat16)
0: 	decoder.layers.2.mlp.linear_fc2.weight (param.main_grad.dtype=torch.bfloat16)
0: Params for bucket 27 (66083328 elements, 66083328 padded size, 0 param(s) with extra main_grads):
0: 	decoder.layers.2.mlp.linear_fc1.bias (param.main_grad.dtype=torch.bfloat16)
0: 	decoder.layers.2.mlp.linear_fc1.weight (param.main_grad.dtype=torch.bfloat16)
0: 	decoder.layers.2.mlp.linear_fc1.layer_norm_bias (param.main_grad.dtype=torch.bfloat16)
0: 	decoder.layers.2.mlp.linear_fc1.layer_norm_weight (param.main_grad.dtype=torch.bfloat16)
0: 	decoder.layers.2.self_attention.linear_qkv.bias (param.main_grad.dtype=torch.bfloat16)
0: 	decoder.layers.2.self_attention.linear_qkv.weight (param.main_grad.dtype=torch.bfloat16)
0: Params for bucket 28 (47210496 elements, 47210496 padded size, 0 param(s) with extra main_grads):
0: 	decoder.layers.2.self_attention.linear_qkv.layer_norm_bias (param.main_grad.dtype=torch.bfloat16)
0: 	decoder.layers.2.self_attention.linear_qkv.layer_norm_weight (param.main_grad.dtype=torch.bfloat16)
0: 	decoder.layers.2.self_attention.linear_proj.bias (param.main_grad.dtype=torch.bfloat16)
0: 	decoder.layers.2.self_attention.linear_proj.weight (param.main_grad.dtype=torch.bfloat16)
0: 	decoder.layers.1.mlp.linear_fc2.bias (param.main_grad.dtype=torch.bfloat16)
0: 	decoder.layers.1.mlp.linear_fc2.weight (param.main_grad.dtype=torch.bfloat16)
0: Params for bucket 29 (66083328 elements, 66083328 padded size, 0 param(s) with extra main_grads):
0: 	decoder.layers.1.mlp.linear_fc1.bias (param.main_grad.dtype=torch.bfloat16)
0: 	decoder.layers.1.mlp.linear_fc1.weight (param.main_grad.dtype=torch.bfloat16)
0: 	decoder.layers.1.mlp.linear_fc1.layer_norm_bias (param.main_grad.dtype=torch.bfloat16)
0: 	decoder.layers.1.mlp.linear_fc1.layer_norm_weight (param.main_grad.dtype=torch.bfloat16)
0: 	decoder.layers.1.self_attention.linear_qkv.bias (param.main_grad.dtype=torch.bfloat16)
0: 	decoder.layers.1.self_attention.linear_qkv.weight (param.main_grad.dtype=torch.bfloat16)
0: Params for bucket 30 (47210496 elements, 47210496 padded size, 0 param(s) with extra main_grads):
0: 	decoder.layers.1.self_attention.linear_qkv.layer_norm_bias (param.main_grad.dtype=torch.bfloat16)
0: 	decoder.layers.1.self_attention.linear_qkv.layer_norm_weight (param.main_grad.dtype=torch.bfloat16)
0: 	decoder.layers.1.self_attention.linear_proj.bias (param.main_grad.dtype=torch.bfloat16)
0: 	decoder.layers.1.self_attention.linear_proj.weight (param.main_grad.dtype=torch.bfloat16)
0: 	decoder.layers.0.mlp.linear_fc2.bias (param.main_grad.dtype=torch.bfloat16)
0: 	decoder.layers.0.mlp.linear_fc2.weight (param.main_grad.dtype=torch.bfloat16)
0: Params for bucket 31 (66083328 elements, 66083328 padded size, 0 param(s) with extra main_grads):
0: 	decoder.layers.0.mlp.linear_fc1.bias (param.main_grad.dtype=torch.bfloat16)
0: 	decoder.layers.0.mlp.linear_fc1.weight (param.main_grad.dtype=torch.bfloat16)
0: 	decoder.layers.0.mlp.linear_fc1.layer_norm_bias (param.main_grad.dtype=torch.bfloat16)
0: 	decoder.layers.0.mlp.linear_fc1.layer_norm_weight (param.main_grad.dtype=torch.bfloat16)
0: 	decoder.layers.0.self_attention.linear_qkv.bias (param.main_grad.dtype=torch.bfloat16)
0: 	decoder.layers.0.self_attention.linear_qkv.weight (param.main_grad.dtype=torch.bfloat16)
0: Params for bucket 32 (59787264 elements, 59787264 padded size, 0 param(s) with extra main_grads):
0: 	decoder.layers.0.self_attention.linear_qkv.layer_norm_bias (param.main_grad.dtype=torch.bfloat16)
0: 	decoder.layers.0.self_attention.linear_qkv.layer_norm_weight (param.main_grad.dtype=torch.bfloat16)
0: 	decoder.layers.0.self_attention.linear_proj.bias (param.main_grad.dtype=torch.bfloat16)
0: 	decoder.layers.0.self_attention.linear_proj.weight (param.main_grad.dtype=torch.bfloat16)
0: 	embedding.position_embeddings.weight (param.main_grad.dtype=torch.bfloat16)
0: Params for bucket 33 (196608000 elements, 196608000 padded size, 0 param(s) with extra main_grads):
0: 	embedding.word_embeddings.weight (param.main_grad.dtype=torch.bfloat16)
0: 2026-04-05 22:43:01,072 [INFO] megatron.core.distributed.distributed_data_parallel: Setting up DistributedDataParallel with config DistributedDataParallelConfig(grad_reduce_in_fp32=False, overlap_grad_reduce=True, overlap_param_gather=True, align_param_gather=False, use_distributed_optimizer=True, num_distributed_optimizer_instances=1, check_for_nan_in_grad=False, check_for_large_grads=False, bucket_size=200000000, pad_buckets_for_high_nccl_busbw=False, reduce_scatter_with_fp32_accumulation=False, param_name_patterns_for_fp32_local_accumulation=(), average_in_collective=False, fp8_param_gather=False, reuse_grad_buf_for_mxfp8_param_ag=False, use_megatron_fsdp=False, use_custom_fsdp=False, data_parallel_sharding_strategy='no_shard', gradient_reduce_div_fusion=True, suggested_communication_unit_size=None, keep_fp8_transpose_cache=False, nccl_ub=False, fsdp_double_buffer=False, fsdp_db_use_persist_buf_on_alloc_fail=False, fsdp_all_gather_in_start_param_sync=True, outer_dp_sharding_strategy='no_shard', disable_sym
0: metric_registration=False, fsdp_manual_registration=False, delay_wgrad_compute=False, megatron_fsdp_main_params_dtype=torch.float32, megatron_fsdp_main_grads_dtype=None, megatron_fsdp_grad_comm_dtype=None)
0: 2026-04-05 22:43:01,085 [INFO] megatron.core.distributed.param_and_grad_buffer: Number of buckets for gradient all-reduce / reduce-scatter: 4
0: Params for bucket 1 (202971648 elements, 202971648 padded size, 0 param(s) with extra main_grads):
0: 	input_projections.0.encoder.linear_fc2.bias (param.main_grad.dtype=torch.bfloat16)
0: 	input_projections.0.encoder.linear_fc2.weight (param.main_grad.dtype=torch.bfloat16)
0: 	input_projections.0.encoder.linear_fc1.bias (param.main_grad.dtype=torch.bfloat16)
0: 	input_projections.0.encoder.linear_fc1.weight (param.main_grad.dtype=torch.bfloat16)
0: 	encoders.clip_encoder.final_layernorm.bias (param.main_grad.dtype=torch.bfloat16)
0: 	encoders.clip_encoder.final_layernorm.weight (param.main_grad.dtype=torch.bfloat16)
0: 	encoders.clip_encoder.layers.47.mlp.linear_fc2.bias (param.main_grad.dtype=torch.bfloat16)
0: 	encoders.clip_encoder.layers.47.mlp.linear_fc2.weight (param.main_grad.dtype=torch.bfloat16)
0: 	encoders.clip_encoder.layers.47.mlp.linear_fc1.bias (param.main_grad.dtype=torch.bfloat16)
0: 	encoders.clip_encoder.layers.47.mlp.linear_fc1.weight (param.main_grad.dtype=torch.bfloat16)
0: 	encoders.clip_encoder.layers.47.mlp.linear_fc1.layer_norm_bias (param.main_grad.dtype=torch.bfloat16)
0: 	encoders.clip_encoder.layers.47.mlp.linear_fc1.layer_norm_weight (param.main_grad.dtype=torch.bfloat16)
0: 	encoders.clip_encoder.layers.47.self_attention.linear_qkv.bias (param.main_grad.dtype=torch.bfloat16)
0: 	encoders.clip_encoder.layers.47.self_attention.linear_qkv.weight (param.main_grad.dtype=torch.bfloat16)
0: 	encoders.clip_encoder.layers.47.self_attention.linear_qkv.layer_norm_bias (param.main_grad.dtype=torch.bfloat16)
0: 	encoders.clip_encoder.layers.47.self_attention.linear_qkv.layer_norm_weight (param.main_grad.dtype=torch.bfloat16)
0: 	encoders.clip_encoder.layers.47.self_attention.linear_proj.bias (param.main_grad.dtype=torch.bfloat16)
0: 	encoders.clip_encoder.layers.47.self_attention.linear_proj.weight (param.main_grad.dtype=torch.bfloat16)
0: 	encoders.clip_encoder.layers.46.mlp.linear_fc2.bias (param.main_grad.dtype=torch.bfloat16)
0: 	encoders.clip_encoder.layers.46.mlp.linear_fc2.weight (param.main_grad.dtype=torch.bfloat16)
0: 	encoders.clip_encoder.layers.46.mlp.linear_fc1.bias (param.main_grad.dtype=torch.bfloat16)
0: 	encoders.clip_encoder.layers.46.mlp.linear_fc1.weight (param.main_grad.dtype=torch.bfloat16)
0: 	encoders.clip_encoder.layers.46.mlp.linear_fc1.layer_norm_bias (param.main_grad.dtype=torch.bfloat16)
0: 	encoders.clip_encoder.layers.46.mlp.linear_fc1.layer_norm_weight (param.main_grad.dtype=torch.bfloat16)
0: 	encoders.clip_encoder.layers.46.self_attention.linear_qkv.bias (param.main_grad.dtype=torch.bfloat16)
0: 	encoders.clip_encoder.layers.46.self_attention.linear_qkv.weight (param.main_grad.dtype=torch.bfloat16)
0: 	encoders.clip_encoder.layers.46.self_attention.linear_qkv.layer_norm_bias (param.main_grad.dtype=torch.bfloat16)
0: 	encoders.clip_encoder.layers.46.self_attention.linear_qkv.layer_norm_weight (param.main_grad.dtype=torch.bfloat16)
0: 	encoders.clip_encoder.layers.46.self_attention.linear_proj.bias (param.main_grad.dtype=torch.bfloat16)
0: 	encoders.clip_encoder.layers.46.self_attention.linear_proj.weight (param.main_grad.dtype=torch.bfloat16)
0: 	encoders.clip_encoder.layers.45.mlp.linear_fc2.bias (param.main_grad.dtype=torch.bfloat16)
0: 	encoders.clip_encoder.layers.45.mlp.linear_fc2.weight (param.main_grad.dtype=torch.bfloat16)
0: 	encoders.clip_encoder.layers.45.mlp.linear_fc1.bias (param.main_grad.dtype=torch.bfloat16)
0: 	encoders.clip_encoder.layers.45.mlp.linear_fc1.weight (param.main_grad.dtype=torch.bfloat16)
0: 	encoders.clip_encoder.layers.45.mlp.linear_fc1.layer_norm_bias (param.main_grad.dtype=torch.bfloat16)
0: 	encoders.clip_encoder.layers.45.mlp.linear_fc1.layer_norm_weight (param.main_grad.dtype=torch.bfloat16)
0: 	encoders.clip_encoder.layers.45.self_attention.linear_qkv.bias (param.main_grad.dtype=torch.bfloat16)
0: 	encoders.clip_encoder.layers.45.self_attention.linear_qkv.weight (param.main_grad.dtype=torch.bfloat16)
0: 	encoders.clip_encoder.layers.45.self_attention.linear_qkv.layer_norm_bias (param.main_grad.dtype=torch.bfloat16)
0: 	encoders.clip_encoder.layers.45.self_attention.linear_qkv.layer_norm_weight (param.main_grad.dtype=torch.bfloat16)
0: 	encoders.clip_encoder.layers.45.self_attention.linear_proj.bias (param.main_grad.dtype=torch.bfloat16)
0: 	encoders.clip_encoder.layers.45.self_attention.linear_proj.weight (param.main_grad.dtype=torch.bfloat16)
0: 	encoders.clip_encoder.layers.44.mlp.linear_fc2.bias (param.main_grad.dtype=torch.bfloat16)
0: 	encoders.clip_encoder.layers.44.mlp.linear_fc2.weight (param.main_grad.dtype=torch.bfloat16)
0: 	encoders.clip_encoder.layers.44.mlp.linear_fc1.bias (param.main_grad.dtype=torch.bfloat16)
0: 	encoders.clip_encoder.layers.44.mlp.linear_fc1.weight (param.main_grad.dtype=torch.bfloat16)
0: 	encoders.clip_encoder.layers.44.mlp.linear_fc1.layer_norm_bias (param.main_grad.dtype=torch.bfloat16)
0: 	encoders.clip_encoder.layers.44.mlp.linear_fc1.layer_norm_weight (param.main_grad.dtype=torch.bfloat16)
0: 	encoders.clip_encoder.layers.44.self_attention.linear_qkv.bias (param.main_grad.dtype=torch.bfloat16)
0: 	encoders.clip_encoder.layers.44.self_attention.linear_qkv.weight (param.main_grad.dtype=torch.bfloat16)
0: 	encoders.clip_encoder.layers.44.self_attention.linear_qkv.layer_norm_bias (param.main_grad.dtype=torch.bfloat16)
0: 	encoders.clip_encoder.layers.44.self_attention.linear_qkv.layer_norm_weight (param.main_grad.dtype=torch.bfloat16)
0: 	encoders.clip_encoder.layers.44.self_attention.linear_proj.bias (param.main_grad.dtype=torch.bfloat16)
0: 	encoders.clip_encoder.layers.44.self_attention.linear_proj.weight (param.main_grad.dtype=torch.bfloat16)
0: 	encoders.clip_encoder.layers.43.mlp.linear_fc2.bias (param.main_grad.dtype=torch.bfloat16)
0: 	encoders.clip_encoder.layers.43.mlp.linear_fc2.weight (param.main_grad.dtype=torch.bfloat16)
0: 	encoders.clip_encoder.layers.43.mlp.linear_fc1.bias (param.main_grad.dtype=torch.bfloat16)
0: 	encoders.clip_encoder.layers.43.mlp.linear_fc1.weight (param.main_grad.dtype=torch.bfloat16)
0: 	encoders.clip_encoder.layers.43.mlp.linear_fc1.layer_norm_bias (param.main_grad.dtype=torch.bfloat16)
0: 	encoders.clip_encoder.layers.43.mlp.linear_fc1.layer_norm_weight (param.main_grad.dtype=torch.bfloat16)
0: 	encoders.clip_encoder.layers.43.self_attention.linear_qkv.bias (param.main_grad.dtype=torch.bfloat16)
0: 	encoders.clip_encoder.layers.43.self_attention.linear_qkv.weight (param.main_grad.dtype=torch.bfloat16)
0: 	encoders.clip_encoder.layers.43.self_attention.linear_qkv.layer_norm_bias (param.main_grad.dtype=torch.bfloat16)
0: 	encoders.clip_encoder.layers.43.self_attention.linear_qkv.layer_norm_weight (param.main_grad.dtype=torch.bfloat16)
0: 	encoders.clip_encoder.layers.43.self_attention.linear_proj.bias (param.main_grad.dtype=torch.bfloat16)
0: 	encoders.clip_encoder.layers.43.self_attention.linear_proj.weight (param.main_grad.dtype=torch.bfloat16)
0: 	encoders.clip_encoder.layers.42.mlp.linear_fc2.bias (param.main_grad.dtype=torch.bfloat16)
0: 	encoders.clip_encoder.layers.42.mlp.linear_fc2.weight (param.main_grad.dtype=torch.bfloat16)
0: 	encoders.clip_encoder.layers.42.mlp.linear_fc1.bias (param.main_grad.dtype=torch.bfloat16)
0: 	encoders.clip_encoder.layers.42.mlp.linear_fc1.weight (param.main_grad.dtype=torch.bfloat16)
0: 	encoders.clip_encoder.layers.42.mlp.linear_fc1.layer_norm_bias (param.main_grad.dtype=torch.bfloat16)
0: 	encoders.clip_encoder.layers.42.mlp.linear_fc1.layer_norm_weight (param.main_grad.dtype=torch.bfloat16)
0: 	encoders.clip_encoder.layers.42.self_attention.linear_qkv.bias (param.main_grad.dtype=torch.bfloat16)
0: 	encoders.clip_encoder.layers.42.self_attention.linear_qkv.weight (param.main_grad.dtype=torch.bfloat16)
0: 	encoders.clip_encoder.layers.42.self_attention.linear_qkv.layer_norm_bias (param.main_grad.dtype=torch.bfloat16)
0: 	encoders.clip_encoder.layers.42.self_attention.linear_qkv.layer_norm_weight (param.main_grad.dtype=torch.bfloat16)
0: 	encoders.clip_encoder.layers.42.self_attention.linear_proj.bias (param.main_grad.dtype=torch.bfloat16)
0: 	encoders.clip_encoder.layers.42.self_attention.linear_proj.weight (param.main_grad.dtype=torch.bfloat16)
0: 	encoders.clip_encoder.layers.41.mlp.linear_fc2.bias (param.main_grad.dtype=torch.bfloat16)
0: 	encoders.clip_encoder.layers.41.mlp.linear_fc2.weight (param.main_grad.dtype=torch.bfloat16)
0: 	encoders.clip_encoder.layers.41.mlp.linear_fc1.bias (param.main_grad.dtype=torch.bfloat16)
0: 	encoders.clip_encoder.layers.41.mlp.linear_fc1.weight (param.main_grad.dtype=torch.bfloat16)
0: 	encoders.clip_encoder.layers.41.mlp.linear_fc1.layer_norm_bias (param.main_grad.dtype=torch.bfloat16)
0: 	encoders.clip_encoder.layers.41.mlp.linear_fc1.layer_norm_weight (param.main_grad.dtype=torch.bfloat16)
0: 	encoders.clip_encoder.layers.41.self_attention.linear_qkv.bias (param.main_grad.dtype=torch.bfloat16)
0: 	encoders.clip_encoder.layers.41.self_attention.linear_qkv.weight (param.main_grad.dtype=torch.bfloat16)
0: 	encoders.clip_encoder.layers.41.self_attention.linear_qkv.layer_norm_bias (param.main_grad.dtype=torch.bfloat16)
0: 	encoders.clip_encoder.layers.41.self_attention.linear_qkv.layer_norm_weight (param.main_grad.dtype=torch.bfloat16)
0: 	encoders.clip_encoder.layers.41.self_attention.linear_proj.bias (param.main_grad.dtype=torch.bfloat16)
0: 	encoders.clip_encoder.layers.41.self_attention.linear_proj.weight (param.main_grad.dtype=torch.bfloat16)
0: 	encoders.clip_encoder.layers.40.mlp.linear_fc2.bias (param.main_grad.dtype=torch.bfloat16)
0: 	encoders.clip_encoder.layers.40.mlp.linear_fc2.weight (param.main_grad.dtype=torch.bfloat16)
0: 	encoders.clip_encoder.layers.40.mlp.linear_fc1.bias (param.main_grad.dtype=torch.bfloat16)
0: 	encoders.clip_encoder.layers.40.mlp.linear_fc1.weight (param.main_grad.dtype=torch.bfloat16)
0: 	encoders.clip_encoder.layers.40.mlp.linear_fc1.layer_norm_bias (param.main_grad.dtype=torch.bfloat16)
0: 	encoders.clip_encoder.layers.40.mlp.linear_fc1.layer_norm_weight (param.main_grad.dtype=torch.bfloat16)
0: 	encoders.clip_encoder.layers.40.self_attention.linear_qkv.bias (param.main_grad.dtype=torch.bfloat16)
0: 	encoders.clip_encoder.layers.40.self_attention.linear_qkv.weight (param.main_grad.dtype=torch.bfloat16)
0: 	encoders.clip_encoder.layers.40.self_attention.linear_qkv.layer_norm_bias (param.main_grad.dtype=torch.bfloat16)
0: 	encoders.clip_encoder.layers.40.self_attention.linear_qkv.layer_norm_weight (param.main_grad.dtype=torch.bfloat16)
0: 	encoders.clip_encoder.layers.40.self_attention.linear_proj.bias (param.main_grad.dtype=torch.bfloat16)
0: 	encoders.clip_encoder.layers.40.self_attention.linear_proj.weight (param.main_grad.dtype=torch.bfloat16)
0: 	encoders.clip_encoder.layers.39.mlp.linear_fc2.bias (param.main_grad.dtype=torch.bfloat16)
0: 	encoders.clip_encoder.layers.39.mlp.linear_fc2.weight (param.main_grad.dtype=torch.bfloat16)
0: 	encoders.clip_encoder.layers.39.mlp.linear_fc1.bias (param.main_grad.dtype=torch.bfloat16)
0: 	encoders.clip_encoder.layers.39.mlp.linear_fc1.weight (param.main_grad.dtype=torch.bfloat16)
0: 	encoders.clip_encoder.layers.39.mlp.linear_fc1.layer_norm_bias (param.main_grad.dtype=torch.bfloat16)
0: 	encoders.clip_encoder.layers.39.mlp.linear_fc1.layer_norm_weight (param.main_grad.dtype=torch.bfloat16)
0: 	encoders.clip_encoder.layers.39.self_attention.linear_qkv.bias (param.main_grad.dtype=torch.bfloat16)
0: 	encoders.clip_encoder.layers.39.self_attention.linear_qkv.weight (param.main_grad.dtype=torch.bfloat16)
0: 	encoders.clip_encoder.layers.39.self_attention.linear_qkv.layer_norm_bias (param.main_grad.dtype=torch.bfloat16)
0: 	encoders.clip_encoder.layers.39.self_attention.linear_qkv.layer_norm_weight (param.main_grad.dtype=torch.bfloat16)
0: 	encoders.clip_encoder.layers.39.self_attention.linear_proj.bias (param.main_grad.dtype=torch.bfloat16)
0: 	encoders.clip_encoder.layers.39.self_attention.linear_proj.weight (param.main_grad.dtype=torch.bfloat16)
0: 	encoders.clip_encoder.layers.38.mlp.linear_fc2.bias (param.main_grad.dtype=torch.bfloat16)
0: 	encoders.clip_encoder.layers.38.mlp.linear_fc2.weight (param.main_grad.dtype=torch.bfloat16)
0: 	encoders.clip_encoder.layers.38.mlp.linear_fc1.bias (param.main_grad.dtype=torch.bfloat16)
0: 	encoders.clip_encoder.layers.38.mlp.linear_fc1.weight (param.main_grad.dtype=torch.bfloat16)
0: 	encoders.clip_encoder.layers.38.mlp.linear_fc1.layer_norm_bias (param.main_grad.dtype=torch.bfloat16)
0: 	encoders.clip_encoder.layers.38.mlp.linear_fc1.layer_norm_weight (param.main_grad.dtype=torch.bfloat16)
0: 	encoders.clip_encoder.layers.38.self_attention.linear_qkv.bias (param.main_grad.dtype=torch.bfloat16)
0: 	encoders.clip_encoder.layers.38.self_attention.linear_qkv.weight (param.main_grad.dtype=torch.bfloat16)
0: 	encoders.clip_encoder.layers.38.self_attention.linear_qkv.layer_norm_bias (param.main_grad.dtype=torch.bfloat16)
0: 	encoders.clip_encoder.layers.38.self_attention.linear_qkv.layer_norm_weight (param.main_grad.dtype=torch.bfloat16)
0: 	encoders.clip_encoder.layers.38.self_attention.linear_proj.bias (param.main_grad.dtype=torch.bfloat16)
0: 	encoders.clip_encoder.layers.38.self_attention.linear_proj.weight (param.main_grad.dtype=torch.bfloat16)
0: 	encoders.clip_encoder.layers.37.mlp.linear_fc2.bias (param.main_grad.dtype=torch.bfloat16)
0: 	encoders.clip_encoder.layers.37.mlp.linear_fc2.weight (param.main_grad.dtype=torch.bfloat16)
0: 	encoders.clip_encoder.layers.37.mlp.linear_fc1.bias (param.main_grad.dtype=torch.bfloat16)
0: 	encoders.clip_encoder.layers.37.mlp.linear_fc1.weight (param.main_grad.dtype=torch.bfloat16)
0: 	encoders.clip_encoder.layers.37.mlp.linear_fc1.layer_norm_bias (param.main_grad.dtype=torch.bfloat16)
0: 	encoders.clip_encoder.layers.37.mlp.linear_fc1.layer_norm_weight (param.main_grad.dtype=torch.bfloat16)
0: 	encoders.clip_encoder.layers.37.self_attention.linear_qkv.bias (param.main_grad.dtype=torch.bfloat16)
0: 	encoders.clip_encoder.layers.37.self_attention.linear_qkv.weight (param.main_grad.dtype=torch.bfloat16)
0: 	encoders.clip_encoder.layers.37.self_attention.linear_qkv.layer_norm_bias (param.main_grad.dtype=torch.bfloat16)
0: 	encoders.clip_encoder.layers.37.self_attention.linear_qkv.layer_norm_weight (param.main_grad.dtype=torch.bfloat16)
0: 	encoders.clip_encoder.layers.37.self_attention.linear_proj.bias (param.main_grad.dtype=torch.bfloat16)
0: 	encoders.clip_encoder.layers.37.self_attention.linear_proj.weight (param.main_grad.dtype=torch.bfloat16)
0: 	encoders.clip_encoder.layers.36.mlp.linear_fc2.bias (param.main_grad.dtype=torch.bfloat16)
0: 	encoders.clip_encoder.layers.36.mlp.linear_fc2.weight (param.main_grad.dtype=torch.bfloat16)
0: 	encoders.clip_encoder.layers.36.mlp.linear_fc1.bias (param.main_grad.dtype=torch.bfloat16)
0: 	encoders.clip_encoder.layers.36.mlp.linear_fc1.weight (param.main_grad.dtype=torch.bfloat16)
0: 	encoders.clip_encoder.layers.36.mlp.linear_fc1.layer_norm_bias (param.main_grad.dtype=torch.bfloat16)
0: 	encoders.clip_encoder.layers.36.mlp.linear_fc1.layer_norm_weight (param.main_grad.dtype=torch.bfloat16)
0: 	encoders.clip_encoder.layers.36.self_attention.linear_qkv.bias (param.main_grad.dtype=torch.bfloat16)
0: 	encoders.clip_encoder.layers.36.self_attention.linear_qkv.weight (param.main_grad.dtype=torch.bfloat16)
0: Params for bucket 2 (203272704 elements, 203272704 padded size, 0 param(s) with extra main_grads):
0: 	encoders.clip_encoder.layers.36.self_attention.linear_qkv.layer_norm_bias (param.main_grad.dtype=torch.bfloat16)
0: 	encoders.clip_encoder.layers.36.self_attention.linear_qkv.layer_norm_weight (param.main_grad.dtype=torch.bfloat16)
0: 	encoders.clip_encoder.layers.36.self_attention.linear_proj.bias (param.main_grad.dtype=torch.bfloat16)
0: 	encoders.clip_encoder.layers.36.self_attention.linear_proj.weight (param.main_grad.dtype=torch.bfloat16)
0: 	encoders.clip_encoder.layers.35.mlp.linear_fc2.bias (param.main_grad.dtype=torch.bfloat16)
0: 	encoders.clip_encoder.layers.35.mlp.linear_fc2.weight (param.main_grad.dtype=torch.bfloat16)
0: 	encoders.clip_encoder.layers.35.mlp.linear_fc1.bias (param.main_grad.dtype=torch.bfloat16)
0: 	encoders.clip_encoder.layers.35.mlp.linear_fc1.weight (param.main_grad.dtype=torch.bfloat16)
0: 	encoders.clip_encoder.layers.35.mlp.linear_fc1.layer_norm_bias (param.main_grad.dtype=torch.bfloat16)
0: 	encoders.clip_encoder.layers.35.mlp.linear_fc1.layer_norm_weight (param.main_grad.dtype=torch.bfloat16)
0: 	encoders.clip_encoder.layers.35.self_attention.linear_qkv.bias (param.main_grad.dtype=torch.bfloat16)
0: 	encoders.clip_encoder.layers.35.self_attention.linear_qkv.weight (param.main_grad.dtype=torch.bfloat16)
0: 	encoders.clip_encoder.layers.35.self_attention.linear_qkv.layer_norm_bias (param.main_grad.dtype=torch.bfloat16)
0: 	encoders.clip_encoder.layers.35.self_attention.linear_qkv.layer_norm_weight (param.main_grad.dtype=torch.bfloat16)
0: 	encoders.clip_encoder.layers.35.self_attention.linear_proj.bias (param.main_grad.dtype=torch.bfloat16)
0: 	encoders.clip_encoder.layers.35.self_attention.linear_proj.weight (param.main_grad.dtype=torch.bfloat16)
0: 	encoders.clip_encoder.layers.34.mlp.linear_fc2.bias (param.main_grad.dtype=torch.bfloat16)
0: 	encoders.clip_encoder.layers.34.mlp.linear_fc2.weight (param.main_grad.dtype=torch.bfloat16)
0: 	encoders.clip_encoder.layers.34.mlp.linear_fc1.bias (param.main_grad.dtype=torch.bfloat16)
0: 	encoders.clip_encoder.layers.34.mlp.linear_fc1.weight (param.main_grad.dtype=torch.bfloat16)
0: 	encoders.clip_encoder.layers.34.mlp.linear_fc1.layer_norm_bias (param.main_grad.dtype=torch.bfloat16)
0: 	encoders.clip_encoder.layers.34.mlp.linear_fc1.layer_norm_weight (param.main_grad.dtype=torch.bfloat16)
0: 	encoders.clip_encoder.layers.34.self_attention.linear_qkv.bias (param.main_grad.dtype=torch.bfloat16)
0: 	encoders.clip_encoder.layers.34.self_attention.linear_qkv.weight (param.main_grad.dtype=torch.bfloat16)
0: 	encoders.clip_encoder.layers.34.self_attention.linear_qkv.layer_norm_bias (param.main_grad.dtype=torch.bfloat16)
0: 	encoders.clip_encoder.layers.34.self_attention.linear_qkv.layer_norm_weight (param.main_grad.dtype=torch.bfloat16)
0: 	encoders.clip_encoder.layers.34.self_attention.linear_proj.bias (param.main_grad.dtype=torch.bfloat16)
0: 	encoders.clip_encoder.layers.34.self_attention.linear_proj.weight (param.main_grad.dtype=torch.bfloat16)
0: 	encoders.clip_encoder.layers.33.mlp.linear_fc2.bias (param.main_grad.dtype=torch.bfloat16)
0: 	encoders.clip_encoder.layers.33.mlp.linear_fc2.weight (param.main_grad.dtype=torch.bfloat16)
0: 	encoders.clip_encoder.layers.33.mlp.linear_fc1.bias (param.main_grad.dtype=torch.bfloat16)
0: 	encoders.clip_encoder.layers.33.mlp.linear_fc1.weight (param.main_grad.dtype=torch.bfloat16)
0: 	encoders.clip_encoder.layers.33.mlp.linear_fc1.layer_norm_bias (param.main_grad.dtype=torch.bfloat16)
0: 	encoders.clip_encoder.layers.33.mlp.linear_fc1.layer_norm_weight (param.main_grad.dtype=torch.bfloat16)
0: 	encoders.clip_encoder.layers.33.self_attention.linear_qkv.bias (param.main_grad.dtype=torch.bfloat16)
0: 	encoders.clip_encoder.layers.33.self_attention.linear_qkv.weight (param.main_grad.dtype=torch.bfloat16)
0: 	encoders.clip_encoder.layers.33.self_attention.linear_qkv.layer_norm_bias (param.main_grad.dtype=torch.bfloat16)
0: 	encoders.clip_encoder.layers.33.self_attention.linear_qkv.layer_norm_weight (param.main_grad.dtype=torch.bfloat16)
0: 	encoders.clip_encoder.layers.33.self_attention.linear_proj.bias (param.main_grad.dtype=torch.bfloat16)
0: 	encoders.clip_encoder.layers.33.self_attention.linear_proj.weight (param.main_grad.dtype=torch.bfloat16)
0: 	encoders.clip_encoder.layers.32.mlp.linear_fc2.bias (param.main_grad.dtype=torch.bfloat16)
0: 	encoders.clip_encoder.layers.32.mlp.linear_fc2.weight (param.main_grad.dtype=torch.bfloat16)
0: 	encoders.clip_encoder.layers.32.mlp.linear_fc1.bias (param.main_grad.dtype=torch.bfloat16)
0: 	encoders.clip_encoder.layers.32.mlp.linear_fc1.weight (param.main_grad.dtype=torch.bfloat16)
0: 	encoders.clip_encoder.layers.32.mlp.linear_fc1.layer_norm_bias (param.main_grad.dtype=torch.bfloat16)
0: 	encoders.clip_encoder.layers.32.mlp.linear_fc1.layer_norm_weight (param.main_grad.dtype=torch.bfloat16)
0: 	encoders.clip_encoder.layers.32.self_attention.linear_qkv.bias (param.main_grad.dtype=torch.bfloat16)
0: 	encoders.clip_encoder.layers.32.self_attention.linear_qkv.weight (param.main_grad.dtype=torch.bfloat16)
0: 	encoders.clip_encoder.layers.32.self_attention.linear_qkv.layer_norm_bias (param.main_grad.dtype=torch.bfloat16)
0: 	encoders.clip_encoder.layers.32.self_attention.linear_qkv.layer_norm_weight (param.main_grad.dtype=torch.bfloat16)
0: 	encoders.clip_encoder.layers.32.self_attention.linear_proj.bias (param.main_grad.dtype=torch.bfloat16)
0: 	encoders.clip_encoder.layers.32.self_attention.linear_proj.weight (param.main_grad.dtype=torch.bfloat16)
0: 	encoders.clip_encoder.layers.31.mlp.linear_fc2.bias (param.main_grad.dtype=torch.bfloat16)
0: 	encoders.clip_encoder.layers.31.mlp.linear_fc2.weight (param.main_grad.dtype=torch.bfloat16)
0: 	encoders.clip_encoder.layers.31.mlp.linear_fc1.bias (param.main_grad.dtype=torch.bfloat16)
0: 	encoders.clip_encoder.layers.31.mlp.linear_fc1.weight (param.main_grad.dtype=torch.bfloat16)
0: 	encoders.clip_encoder.layers.31.mlp.linear_fc1.layer_norm_bias (param.main_grad.dtype=torch.bfloat16)
0: 	encoders.clip_encoder.layers.31.mlp.linear_fc1.layer_norm_weight (param.main_grad.dtype=torch.bfloat16)
0: 	encoders.clip_encoder.layers.31.self_attention.linear_qkv.bias (param.main_grad.dtype=torch.bfloat16)
0: 	encoders.clip_encoder.layers.31.self_attention.linear_qkv.weight (param.main_grad.dtype=torch.bfloat16)
0: 	encoders.clip_encoder.layers.31.self_attention.linear_qkv.layer_norm_bias (param.main_grad.dtype=torch.bfloat16)
0: 	encoders.clip_encoder.layers.31.self_attention.linear_qkv.layer_norm_weight (param.main_grad.dtype=torch.bfloat16)
0: 	encoders.clip_encoder.layers.31.self_attention.linear_proj.bias (param.main_grad.dtype=torch.bfloat16)
0: 	encoders.clip_encoder.layers.31.self_attention.linear_proj.weight (param.main_grad.dtype=torch.bfloat16)
0: 	encoders.clip_encoder.layers.30.mlp.linear_fc2.bias (param.main_grad.dtype=torch.bfloat16)
0: 	encoders.clip_encoder.layers.30.mlp.linear_fc2.weight (param.main_grad.dtype=torch.bfloat16)
0: 	encoders.clip_encoder.layers.30.mlp.linear_fc1.bias (param.main_grad.dtype=torch.bfloat16)
0: 	encoders.clip_encoder.layers.30.mlp.linear_fc1.weight (param.main_grad.dtype=torch.bfloat16)
0: 	encoders.clip_encoder.layers.30.mlp.linear_fc1.layer_norm_bias (param.main_grad.dtype=torch.bfloat16)
0: 	encoders.clip_encoder.layers.30.mlp.linear_fc1.layer_norm_weight (param.main_grad.dtype=torch.bfloat16)
0: 	encoders.clip_encoder.layers.30.self_attention.linear_qkv.bias (param.main_grad.dtype=torch.bfloat16)
0: 	encoders.clip_encoder.layers.30.self_attention.linear_qkv.weight (param.main_grad.dtype=torch.bfloat16)
0: 	encoders.clip_encoder.layers.30.self_attention.linear_qkv.layer_norm_bias (param.main_grad.dtype=torch.bfloat16)
0: 	encoders.clip_encoder.layers.30.self_attention.linear_qkv.layer_norm_weight (param.main_grad.dtype=torch.bfloat16)
0: 	encoders.clip_encoder.layers.30.self_attention.linear_proj.bias (param.main_grad.dtype=torch.bfloat16)
0: 	encoders.clip_encoder.layers.30.self_attention.linear_proj.weight (param.main_grad.dtype=torch.bfloat16)
0: 	encoders.clip_encoder.layers.29.mlp.linear_fc2.bias (param.main_grad.dtype=torch.bfloat16)
0: 	encoders.clip_encoder.layers.29.mlp.linear_fc2.weight (param.main_grad.dtype=torch.bfloat16)
0: 	encoders.clip_encoder.layers.29.mlp.linear_fc1.bias (param.main_grad.dtype=torch.bfloat16)
0: 	encoders.clip_encoder.layers.29.mlp.linear_fc1.weight (param.main_grad.dtype=torch.bfloat16)
0: 	encoders.clip_encoder.layers.29.mlp.linear_fc1.layer_norm_bias (param.main_grad.dtype=torch.bfloat16)
0: 	encoders.clip_encoder.layers.29.mlp.linear_fc1.layer_norm_weight (param.main_grad.dtype=torch.bfloat16)
0: 	encoders.clip_encoder.layers.29.self_attention.linear_qkv.bias (param.main_grad.dtype=torch.bfloat16)
0: 	encoders.clip_encoder.layers.29.self_attention.linear_qkv.weight (param.main_grad.dtype=torch.bfloat16)
0: 	encoders.clip_encoder.layers.29.self_attention.linear_qkv.layer_norm_bias (param.main_grad.dtype=torch.bfloat16)
0: 	encoders.clip_encoder.layers.29.self_attention.linear_qkv.layer_norm_weight (param.main_grad.dtype=torch.bfloat16)
0: 	encoders.clip_encoder.layers.29.self_attention.linear_proj.bias (param.main_grad.dtype=torch.bfloat16)
0: 	encoders.clip_encoder.layers.29.self_attention.linear_proj.weight (param.main_grad.dtype=torch.bfloat16)
0: 	encoders.clip_encoder.layers.28.mlp.linear_fc2.bias (param.main_grad.dtype=torch.bfloat16)
0: 	encoders.clip_encoder.layers.28.mlp.linear_fc2.weight (param.main_grad.dtype=torch.bfloat16)
0: 	encoders.clip_encoder.layers.28.mlp.linear_fc1.bias (param.main_grad.dtype=torch.bfloat16)
0: 	encoders.clip_encoder.layers.28.mlp.linear_fc1.weight (param.main_grad.dtype=torch.bfloat16)
0: 	encoders.clip_encoder.layers.28.mlp.linear_fc1.layer_norm_bias (param.main_grad.dtype=torch.bfloat16)
0: 	encoders.clip_encoder.layers.28.mlp.linear_fc1.layer_norm_weight (param.main_grad.dtype=torch.bfloat16)
0: 	encoders.clip_encoder.layers.28.self_attention.linear_qkv.bias (param.main_grad.dtype=torch.bfloat16)
0: 	encoders.clip_encoder.layers.28.self_attention.linear_qkv.weight (param.main_grad.dtype=torch.bfloat16)
0: 	encoders.clip_encoder.layers.28.self_attention.linear_qkv.layer_norm_bias (param.main_grad.dtype=torch.bfloat16)
0: 	encoders.clip_encoder.layers.28.self_attention.linear_qkv.layer_norm_weight (param.main_grad.dtype=torch.bfloat16)
0: 	encoders.clip_encoder.layers.28.self_attention.linear_proj.bias (param.main_grad.dtype=torch.bfloat16)
0: 	encoders.clip_encoder.layers.28.self_attention.linear_proj.weight (param.main_grad.dtype=torch.bfloat16)
0: 	encoders.clip_encoder.layers.27.mlp.linear_fc2.bias (param.main_grad.dtype=torch.bfloat16)
0: 	encoders.clip_encoder.layers.27.mlp.linear_fc2.weight (param.main_grad.dtype=torch.bfloat16)
0: 	encoders.clip_encoder.layers.27.mlp.linear_fc1.bias (param.main_grad.dtype=torch.bfloat16)
0: 	encoders.clip_encoder.layers.27.mlp.linear_fc1.weight (param.main_grad.dtype=torch.bfloat16)
0: 	encoders.clip_encoder.layers.27.mlp.linear_fc1.layer_norm_bias (param.main_grad.dtype=torch.bfloat16)
0: 	encoders.clip_encoder.layers.27.mlp.linear_fc1.layer_norm_weight (param.main_grad.dtype=torch.bfloat16)
0: 	encoders.clip_encoder.layers.27.self_attention.linear_qkv.bias (param.main_grad.dtype=torch.bfloat16)
0: 	encoders.clip_encoder.layers.27.self_attention.linear_qkv.weight (param.main_grad.dtype=torch.bfloat16)
0: 	encoders.clip_encoder.layers.27.self_attention.linear_qkv.layer_norm_bias (param.main_grad.dtype=torch.bfloat16)
0: 	encoders.clip_encoder.layers.27.self_attention.linear_qkv.layer_norm_weight (param.main_grad.dtype=torch.bfloat16)
0: 	encoders.clip_encoder.layers.27.self_attention.linear_proj.bias (param.main_grad.dtype=torch.bfloat16)
0: 	encoders.clip_encoder.layers.27.self_attention.linear_proj.weight (param.main_grad.dtype=torch.bfloat16)
0: 	encoders.clip_encoder.layers.26.mlp.linear_fc2.bias (param.main_grad.dtype=torch.bfloat16)
0: 	encoders.clip_encoder.layers.26.mlp.linear_fc2.weight (param.main_grad.dtype=torch.bfloat16)
0: 	encoders.clip_encoder.layers.26.mlp.linear_fc1.bias (param.main_grad.dtype=torch.bfloat16)
0: 	encoders.clip_encoder.layers.26.mlp.linear_fc1.weight (param.main_grad.dtype=torch.bfloat16)
0: 	encoders.clip_encoder.layers.26.mlp.linear_fc1.layer_norm_bias (param.main_grad.dtype=torch.bfloat16)
0: 	encoders.clip_encoder.layers.26.mlp.linear_fc1.layer_norm_weight (param.main_grad.dtype=torch.bfloat16)
0: 	encoders.clip_encoder.layers.26.self_attention.linear_qkv.bias (param.main_grad.dtype=torch.bfloat16)
0: 	encoders.clip_encoder.layers.26.self_attention.linear_qkv.weight (param.main_grad.dtype=torch.bfloat16)
0: 	encoders.clip_encoder.layers.26.self_attention.linear_qkv.layer_norm_bias (param.main_grad.dtype=torch.bfloat16)
0: 	encoders.clip_encoder.layers.26.self_attention.linear_qkv.layer_norm_weight (param.main_grad.dtype=torch.bfloat16)
0: 	encoders.clip_encoder.layers.26.self_attention.linear_proj.bias (param.main_grad.dtype=torch.bfloat16)
0: 	encoders.clip_encoder.layers.26.self_attention.linear_proj.weight (param.main_grad.dtype=torch.bfloat16)
0: 	encoders.clip_encoder.layers.25.mlp.linear_fc2.bias (param.main_grad.dtype=torch.bfloat16)
0: 	encoders.clip_encoder.layers.25.mlp.linear_fc2.weight (param.main_grad.dtype=torch.bfloat16)
0: 	encoders.clip_encoder.layers.25.mlp.linear_fc1.bias (param.main_grad.dtype=torch.bfloat16)
0: 	encoders.clip_encoder.layers.25.mlp.linear_fc1.weight (param.main_grad.dtype=torch.bfloat16)
0: 	encoders.clip_encoder.layers.25.mlp.linear_fc1.layer_norm_bias (param.main_grad.dtype=torch.bfloat16)
0: 	encoders.clip_encoder.layers.25.mlp.linear_fc1.layer_norm_weight (param.main_grad.dtype=torch.bfloat16)
0: 	encoders.clip_encoder.layers.25.self_attention.linear_qkv.bias (param.main_grad.dtype=torch.bfloat16)
0: 	encoders.clip_encoder.layers.25.self_attention.linear_qkv.weight (param.main_grad.dtype=torch.bfloat16)
0: 	encoders.clip_encoder.layers.25.self_attention.linear_qkv.layer_norm_bias (param.main_grad.dtype=torch.bfloat16)
0: 	encoders.clip_encoder.layers.25.self_attention.linear_qkv.layer_norm_weight (param.main_grad.dtype=torch.bfloat16)
0: 	encoders.clip_encoder.layers.25.self_attention.linear_proj.bias (param.main_grad.dtype=torch.bfloat16)
0: 	encoders.clip_encoder.layers.25.self_attention.linear_proj.weight (param.main_grad.dtype=torch.bfloat16)
0: 	encoders.clip_encoder.layers.24.mlp.linear_fc2.bias (param.main_grad.dtype=torch.bfloat16)
0: 	encoders.clip_encoder.layers.24.mlp.linear_fc2.weight (param.main_grad.dtype=torch.bfloat16)
0: 	encoders.clip_encoder.layers.24.mlp.linear_fc1.bias (param.main_grad.dtype=torch.bfloat16)
0: 	encoders.clip_encoder.layers.24.mlp.linear_fc1.weight (param.main_grad.dtype=torch.bfloat16)
0: 	encoders.clip_encoder.layers.24.mlp.linear_fc1.layer_norm_bias (param.main_grad.dtype=torch.bfloat16)
0: 	encoders.clip_encoder.layers.24.mlp.linear_fc1.layer_norm_weight (param.main_grad.dtype=torch.bfloat16)
0: 	encoders.clip_encoder.layers.24.self_attention.linear_qkv.bias (param.main_grad.dtype=torch.bfloat16)
0: 	encoders.clip_encoder.layers.24.self_attention.linear_qkv.weight (param.main_grad.dtype=torch.bfloat16)
0: 	encoders.clip_encoder.layers.24.self_attention.linear_qkv.layer_norm_bias (param.main_grad.dtype=torch.bfloat16)
0: 	encoders.clip_encoder.layers.24.self_attention.linear_qkv.layer_norm_weight (param.main_grad.dtype=torch.bfloat16)
0: 	encoders.clip_encoder.layers.24.self_attention.linear_proj.bias (param.main_grad.dtype=torch.bfloat16)
0: 	encoders.clip_encoder.layers.24.self_attention.linear_proj.weight (param.main_grad.dtype=torch.bfloat16)
0: 	encoders.clip_encoder.layers.23.mlp.linear_fc2.bias (param.main_grad.dtype=torch.bfloat16)
0: 	encoders.clip_encoder.layers.23.mlp.linear_fc2.weight (param.main_grad.dtype=torch.bfloat16)
0: 	encoders.clip_encoder.layers.23.mlp.linear_fc1.bias (param.main_grad.dtype=torch.bfloat16)
0: 	encoders.clip_encoder.layers.23.mlp.linear_fc1.weight (param.main_grad.dtype=torch.bfloat16)
0: Params for bucket 3 (201949632 elements, 201949696 padded size, 0 param(s) with extra main_grads):
0: 	encoders.clip_encoder.layers.23.mlp.linear_fc1.layer_norm_bias (param.main_grad.dtype=torch.bfloat16)
0: 	encoders.clip_encoder.layers.23.mlp.linear_fc1.layer_norm_weight (param.main_grad.dtype=torch.bfloat16)
0: 	encoders.clip_encoder.layers.23.self_attention.linear_qkv.bias (param.main_grad.dtype=torch.bfloat16)
0: 	encoders.clip_encoder.layers.23.self_attention.linear_qkv.weight (param.main_grad.dtype=torch.bfloat16)
0: 	encoders.clip_encoder.layers.23.self_attention.linear_qkv.layer_norm_bias (param.main_grad.dtype=torch.bfloat16)
0: 	encoders.clip_encoder.layers.23.self_attention.linear_qkv.layer_norm_weight (param.main_grad.dtype=torch.bfloat16)
0: 	encoders.clip_encoder.layers.23.self_attention.linear_proj.bias (param.main_grad.dtype=torch.bfloat16)
0: 	encoders.clip_encoder.layers.23.self_attention.linear_proj.weight (param.main_grad.dtype=torch.bfloat16)
0: 	encoders.clip_encoder.layers.22.mlp.linear_fc2.bias (param.main_grad.dtype=torch.bfloat16)
0: 	encoders.clip_encoder.layers.22.mlp.linear_fc2.weight (param.main_grad.dtype=torch.bfloat16)
0: 	encoders.clip_encoder.layers.22.mlp.linear_fc1.bias (param.main_grad.dtype=torch.bfloat16)
0: 	encoders.clip_encoder.layers.22.mlp.linear_fc1.weight (param.main_grad.dtype=torch.bfloat16)
0: 	encoders.clip_encoder.layers.22.mlp.linear_fc1.layer_norm_bias (param.main_grad.dtype=torch.bfloat16)
0: 	encoders.clip_encoder.layers.22.mlp.linear_fc1.layer_norm_weight (param.main_grad.dtype=torch.bfloat16)
0: 	encoders.clip_encoder.layers.22.self_attention.linear_qkv.bias (param.main_grad.dtype=torch.bfloat16)
0: 	encoders.clip_encoder.layers.22.self_attention.linear_qkv.weight (param.main_grad.dtype=torch.bfloat16)
0: 	encoders.clip_encoder.layers.22.self_attention.linear_qkv.layer_norm_bias (param.main_grad.dtype=torch.bfloat16)
0: 	encoders.clip_encoder.layers.22.self_attention.linear_qkv.layer_norm_weight (param.main_grad.dtype=torch.bfloat16)
0: 	encoders.clip_encoder.layers.22.self_attention.linear_proj.bias (param.main_grad.dtype=torch.bfloat16)
0: 	encoders.clip_encoder.layers.22.self_attention.linear_proj.weight (param.main_grad.dtype=torch.bfloat16)
0: 	encoders.clip_encoder.layers.21.mlp.linear_fc2.bias (param.main_grad.dtype=torch.bfloat16)
0: 	encoders.clip_encoder.layers.21.mlp.linear_fc2.weight (param.main_grad.dtype=torch.bfloat16)
0: 	encoders.clip_encoder.layers.21.mlp.linear_fc1.bias (param.main_grad.dtype=torch.bfloat16)
0: 	encoders.clip_encoder.layers.21.mlp.linear_fc1.weight (param.main_grad.dtype=torch.bfloat16)
0: 	encoders.clip_encoder.layers.21.mlp.linear_fc1.layer_norm_bias (param.main_grad.dtype=torch.bfloat16)
0: 	encoders.clip_encoder.layers.21.mlp.linear_fc1.layer_norm_weight (param.main_grad.dtype=torch.bfloat16)
0: 	encoders.clip_encoder.layers.21.self_attention.linear_qkv.bias (param.main_grad.dtype=torch.bfloat16)
0: 	encoders.clip_encoder.layers.21.self_attention.linear_qkv.weight (param.main_grad.dtype=torch.bfloat16)
0: 	encoders.clip_encoder.layers.21.self_attention.linear_qkv.layer_norm_bias (param.main_grad.dtype=torch.bfloat16)
0: 	encoders.clip_encoder.layers.21.self_attention.linear_qkv.layer_norm_weight (param.main_grad.dtype=torch.bfloat16)
0: 	encoders.clip_encoder.layers.21.self_attention.linear_proj.bias (param.main_grad.dtype=torch.bfloat16)
0: 	encoders.clip_encoder.layers.21.self_attention.linear_proj.weight (param.main_grad.dtype=torch.bfloat16)
0: 	encoders.clip_encoder.layers.20.mlp.linear_fc2.bias (param.main_grad.dtype=torch.bfloat16)
0: 	encoders.clip_encoder.layers.20.mlp.linear_fc2.weight (param.main_grad.dtype=torch.bfloat16)
0: 	encoders.clip_encoder.layers.20.mlp.linear_fc1.bias (param.main_grad.dtype=torch.bfloat16)
0: 	encoders.clip_encoder.layers.20.mlp.linear_fc1.weight (param.main_grad.dtype=torch.bfloat16)
0: 	encoders.clip_encoder.layers.20.mlp.linear_fc1.layer_norm_bias (param.main_grad.dtype=torch.bfloat16)
0: 	encoders.clip_encoder.layers.20.mlp.linear_fc1.layer_norm_weight (param.main_grad.dtype=torch.bfloat16)
0: 	encoders.clip_encoder.layers.20.self_attention.linear_qkv.bias (param.main_grad.dtype=torch.bfloat16)
0: 	encoders.clip_encoder.layers.20.self_attention.linear_qkv.weight (param.main_grad.dtype=torch.bfloat16)
0: 	encoders.clip_encoder.layers.20.self_attention.linear_qkv.layer_norm_bias (param.main_grad.dtype=torch.bfloat16)
0: 	encoders.clip_encoder.layers.20.self_attention.linear_qkv.layer_norm_weight (param.main_grad.dtype=torch.bfloat16)
0: 	encoders.clip_encoder.layers.20.self_attention.linear_proj.bias (param.main_grad.dtype=torch.bfloat16)
0: 	encoders.clip_encoder.layers.20.self_attention.linear_proj.weight (param.main_grad.dtype=torch.bfloat16)
0: 	encoders.clip_encoder.layers.19.mlp.linear_fc2.bias (param.main_grad.dtype=torch.bfloat16)
0: 	encoders.clip_encoder.layers.19.mlp.linear_fc2.weight (param.main_grad.dtype=torch.bfloat16)
0: 	encoders.clip_encoder.layers.19.mlp.linear_fc1.bias (param.main_grad.dtype=torch.bfloat16)
0: 	encoders.clip_encoder.layers.19.mlp.linear_fc1.weight (param.main_grad.dtype=torch.bfloat16)
0: 	encoders.clip_encoder.layers.19.mlp.linear_fc1.layer_norm_bias (param.main_grad.dtype=torch.bfloat16)
0: 	encoders.clip_encoder.layers.19.mlp.linear_fc1.layer_norm_weight (param.main_grad.dtype=torch.bfloat16)
0: 	encoders.clip_encoder.layers.19.self_attention.linear_qkv.bias (param.main_grad.dtype=torch.bfloat16)
0: 	encoders.clip_encoder.layers.19.self_attention.linear_qkv.weight (param.main_grad.dtype=torch.bfloat16)
0: 	encoders.clip_encoder.layers.19.self_attention.linear_qkv.layer_norm_bias (param.main_grad.dtype=torch.bfloat16)
0: 	encoders.clip_encoder.layers.19.self_attention.linear_qkv.layer_norm_weight (param.main_grad.dtype=torch.bfloat16)
0: 	encoders.clip_encoder.layers.19.self_attention.linear_proj.bias (param.main_grad.dtype=torch.bfloat16)
0: 	encoders.clip_encoder.layers.19.self_attention.linear_proj.weight (param.main_grad.dtype=torch.bfloat16)
0: 	encoders.clip_encoder.layers.18.mlp.linear_fc2.bias (param.main_grad.dtype=torch.bfloat16)
0: 	encoders.clip_encoder.layers.18.mlp.linear_fc2.weight (param.main_grad.dtype=torch.bfloat16)
0: 	encoders.clip_encoder.layers.18.mlp.linear_fc1.bias (param.main_grad.dtype=torch.bfloat16)
0: 	encoders.clip_encoder.layers.18.mlp.linear_fc1.weight (param.main_grad.dtype=torch.bfloat16)
0: 	encoders.clip_encoder.layers.18.mlp.linear_fc1.layer_norm_bias (param.main_grad.dtype=torch.bfloat16)
0: 	encoders.clip_encoder.layers.18.mlp.linear_fc1.layer_norm_weight (param.main_grad.dtype=torch.bfloat16)
0: 	encoders.clip_encoder.layers.18.self_attention.linear_qkv.bias (param.main_grad.dtype=torch.bfloat16)
0: 	encoders.clip_encoder.layers.18.self_attention.linear_qkv.weight (param.main_grad.dtype=torch.bfloat16)
0: 	encoders.clip_encoder.layers.18.self_attention.linear_qkv.layer_norm_bias (param.main_grad.dtype=torch.bfloat16)
0: 	encoders.clip_encoder.layers.18.self_attention.linear_qkv.layer_norm_weight (param.main_grad.dtype=torch.bfloat16)
0: 	encoders.clip_encoder.layers.18.self_attention.linear_proj.bias (param.main_grad.dtype=torch.bfloat16)
0: 	encoders.clip_encoder.layers.18.self_attention.linear_proj.weight (param.main_grad.dtype=torch.bfloat16)
0: 	encoders.clip_encoder.layers.17.mlp.linear_fc2.bias (param.main_grad.dtype=torch.bfloat16)
0: 	encoders.clip_encoder.layers.17.mlp.linear_fc2.weight (param.main_grad.dtype=torch.bfloat16)
0: 	encoders.clip_encoder.layers.17.mlp.linear_fc1.bias (param.main_grad.dtype=torch.bfloat16)
0: 	encoders.clip_encoder.layers.17.mlp.linear_fc1.weight (param.main_grad.dtype=torch.bfloat16)
0: 	encoders.clip_encoder.layers.17.mlp.linear_fc1.layer_norm_bias (param.main_grad.dtype=torch.bfloat16)
0: 	encoders.clip_encoder.layers.17.mlp.linear_fc1.layer_norm_weight (param.main_grad.dtype=torch.bfloat16)
0: 	encoders.clip_encoder.layers.17.self_attention.linear_qkv.bias (param.main_grad.dtype=torch.bfloat16)
0: 	encoders.clip_encoder.layers.17.self_attention.linear_qkv.weight (param.main_grad.dtype=torch.bfloat16)
0: 	encoders.clip_encoder.layers.17.self_attention.linear_qkv.layer_norm_bias (param.main_grad.dtype=torch.bfloat16)
0: 	encoders.clip_encoder.layers.17.self_attention.linear_qkv.layer_norm_weight (param.main_grad.dtype=torch.bfloat16)
0: 	encoders.clip_encoder.layers.17.self_attention.linear_proj.bias (param.main_grad.dtype=torch.bfloat16)
0: 	encoders.clip_encoder.layers.17.self_attention.linear_proj.weight (param.main_grad.dtype=torch.bfloat16)
0: 	encoders.clip_encoder.layers.16.mlp.linear_fc2.bias (param.main_grad.dtype=torch.bfloat16)
0: 	encoders.clip_encoder.layers.16.mlp.linear_fc2.weight (param.main_grad.dtype=torch.bfloat16)
0: 	encoders.clip_encoder.layers.16.mlp.linear_fc1.bias (param.main_grad.dtype=torch.bfloat16)
0: 	encoders.clip_encoder.layers.16.mlp.linear_fc1.weight (param.main_grad.dtype=torch.bfloat16)
0: 	encoders.clip_encoder.layers.16.mlp.linear_fc1.layer_norm_bias (param.main_grad.dtype=torch.bfloat16)
0: 	encoders.clip_encoder.layers.16.mlp.linear_fc1.layer_norm_weight (param.main_grad.dtype=torch.bfloat16)
0: 	encoders.clip_encoder.layers.16.self_attention.linear_qkv.bias (param.main_grad.dtype=torch.bfloat16)
0: 	encoders.clip_encoder.layers.16.self_attention.linear_qkv.weight (param.main_grad.dtype=torch.bfloat16)
0: 	encoders.clip_encoder.layers.16.self_attention.linear_qkv.layer_norm_bias (param.main_grad.dtype=torch.bfloat16)
0: 	encoders.clip_encoder.layers.16.self_attention.linear_qkv.layer_norm_weight (param.main_grad.dtype=torch.bfloat16)
0: 	encoders.clip_encoder.layers.16.self_attention.linear_proj.bias (param.main_grad.dtype=torch.bfloat16)
0: 	encoders.clip_encoder.layers.16.self_attention.linear_proj.weight (param.main_grad.dtype=torch.bfloat16)
0: 	encoders.clip_encoder.layers.15.mlp.linear_fc2.bias (param.main_grad.dtype=torch.bfloat16)
0: 	encoders.clip_encoder.layers.15.mlp.linear_fc2.weight (param.main_grad.dtype=torch.bfloat16)
0: 	encoders.clip_encoder.layers.15.mlp.linear_fc1.bias (param.main_grad.dtype=torch.bfloat16)
0: 	encoders.clip_encoder.layers.15.mlp.linear_fc1.weight (param.main_grad.dtype=torch.bfloat16)
0: 	encoders.clip_encoder.layers.15.mlp.linear_fc1.layer_norm_bias (param.main_grad.dtype=torch.bfloat16)
0: 	encoders.clip_encoder.layers.15.mlp.linear_fc1.layer_norm_weight (param.main_grad.dtype=torch.bfloat16)
0: 	encoders.clip_encoder.layers.15.self_attention.linear_qkv.bias (param.main_grad.dtype=torch.bfloat16)
0: 	encoders.clip_encoder.layers.15.self_attention.linear_qkv.weight (param.main_grad.dtype=torch.bfloat16)
0: 	encoders.clip_encoder.layers.15.self_attention.linear_qkv.layer_norm_bias (param.main_grad.dtype=torch.bfloat16)
0: 	encoders.clip_encoder.layers.15.self_attention.linear_qkv.layer_norm_weight (param.main_grad.dtype=torch.bfloat16)
0: 	encoders.clip_encoder.layers.15.self_attention.linear_proj.bias (param.main_grad.dtype=torch.bfloat16)
0: 	encoders.clip_encoder.layers.15.self_attention.linear_proj.weight (param.main_grad.dtype=torch.bfloat16)
0: 	encoders.clip_encoder.layers.14.mlp.linear_fc2.bias (param.main_grad.dtype=torch.bfloat16)
0: 	encoders.clip_encoder.layers.14.mlp.linear_fc2.weight (param.main_grad.dtype=torch.bfloat16)
0: 	encoders.clip_encoder.layers.14.mlp.linear_fc1.bias (param.main_grad.dtype=torch.bfloat16)
0: 	encoders.clip_encoder.layers.14.mlp.linear_fc1.weight (param.main_grad.dtype=torch.bfloat16)
0: 	encoders.clip_encoder.layers.14.mlp.linear_fc1.layer_norm_bias (param.main_grad.dtype=torch.bfloat16)
0: 	encoders.clip_encoder.layers.14.mlp.linear_fc1.layer_norm_weight (param.main_grad.dtype=torch.bfloat16)
0: 	encoders.clip_encoder.layers.14.self_attention.linear_qkv.bias (param.main_grad.dtype=torch.bfloat16)
0: 	encoders.clip_encoder.layers.14.self_attention.linear_qkv.weight (param.main_grad.dtype=torch.bfloat16)
0: 	encoders.clip_encoder.layers.14.self_attention.linear_qkv.layer_norm_bias (param.main_grad.dtype=torch.bfloat16)
0: 	encoders.clip_encoder.layers.14.self_attention.linear_qkv.layer_norm_weight (param.main_grad.dtype=torch.bfloat16)
0: 	encoders.clip_encoder.layers.14.self_attention.linear_proj.bias (param.main_grad.dtype=torch.bfloat16)
0: 	encoders.clip_encoder.layers.14.self_attention.linear_proj.weight (param.main_grad.dtype=torch.bfloat16)
0: 	encoders.clip_encoder.layers.13.mlp.linear_fc2.bias (param.main_grad.dtype=torch.bfloat16)
0: 	encoders.clip_encoder.layers.13.mlp.linear_fc2.weight (param.main_grad.dtype=torch.bfloat16)
0: 	encoders.clip_encoder.layers.13.mlp.linear_fc1.bias (param.main_grad.dtype=torch.bfloat16)
0: 	encoders.clip_encoder.layers.13.mlp.linear_fc1.weight (param.main_grad.dtype=torch.bfloat16)
0: 	encoders.clip_encoder.layers.13.mlp.linear_fc1.layer_norm_bias (param.main_grad.dtype=torch.bfloat16)
0: 	encoders.clip_encoder.layers.13.mlp.linear_fc1.layer_norm_weight (param.main_grad.dtype=torch.bfloat16)
0: 	encoders.clip_encoder.layers.13.self_attention.linear_qkv.bias (param.main_grad.dtype=torch.bfloat16)
0: 	encoders.clip_encoder.layers.13.self_attention.linear_qkv.weight (param.main_grad.dtype=torch.bfloat16)
0: 	encoders.clip_encoder.layers.13.self_attention.linear_qkv.layer_norm_bias (param.main_grad.dtype=torch.bfloat16)
0: 	encoders.clip_encoder.layers.13.self_attention.linear_qkv.layer_norm_weight (param.main_grad.dtype=torch.bfloat16)
0: 	encoders.clip_encoder.layers.13.self_attention.linear_proj.bias (param.main_grad.dtype=torch.bfloat16)
0: 	encoders.clip_encoder.layers.13.self_attention.linear_proj.weight (param.main_grad.dtype=torch.bfloat16)
0: 	encoders.clip_encoder.layers.12.mlp.linear_fc2.bias (param.main_grad.dtype=torch.bfloat16)
0: 	encoders.clip_encoder.layers.12.mlp.linear_fc2.weight (param.main_grad.dtype=torch.bfloat16)
0: 	encoders.clip_encoder.layers.12.mlp.linear_fc1.bias (param.main_grad.dtype=torch.bfloat16)
0: 	encoders.clip_encoder.layers.12.mlp.linear_fc1.weight (param.main_grad.dtype=torch.bfloat16)
0: 	encoders.clip_encoder.layers.12.mlp.linear_fc1.layer_norm_bias (param.main_grad.dtype=torch.bfloat16)
0: 	encoders.clip_encoder.layers.12.mlp.linear_fc1.layer_norm_weight (param.main_grad.dtype=torch.bfloat16)
0: 	encoders.clip_encoder.layers.12.self_attention.linear_qkv.bias (param.main_grad.dtype=torch.bfloat16)
0: 	encoders.clip_encoder.layers.12.self_attention.linear_qkv.weight (param.main_grad.dtype=torch.bfloat16)
0: 	encoders.clip_encoder.layers.12.self_attention.linear_qkv.layer_norm_bias (param.main_grad.dtype=torch.bfloat16)
0: 	encoders.clip_encoder.layers.12.self_attention.linear_qkv.layer_norm_weight (param.main_grad.dtype=torch.bfloat16)
0: 	encoders.clip_encoder.layers.12.self_attention.linear_proj.bias (param.main_grad.dtype=torch.bfloat16)
0: 	encoders.clip_encoder.layers.12.self_attention.linear_proj.weight (param.main_grad.dtype=torch.bfloat16)
0: 	encoders.clip_encoder.layers.11.mlp.linear_fc2.bias (param.main_grad.dtype=torch.bfloat16)
0: 	encoders.clip_encoder.layers.11.mlp.linear_fc2.weight (param.main_grad.dtype=torch.bfloat16)
0: 	encoders.clip_encoder.layers.11.mlp.linear_fc1.bias (param.main_grad.dtype=torch.bfloat16)
0: 	encoders.clip_encoder.layers.11.mlp.linear_fc1.weight (param.main_grad.dtype=torch.bfloat16)
0: 	encoders.clip_encoder.layers.11.mlp.linear_fc1.layer_norm_bias (param.main_grad.dtype=torch.bfloat16)
0: 	encoders.clip_encoder.layers.11.mlp.linear_fc1.layer_norm_weight (param.main_grad.dtype=torch.bfloat16)
0: 	encoders.clip_encoder.layers.11.self_attention.linear_qkv.bias (param.main_grad.dtype=torch.bfloat16)
0: 	encoders.clip_encoder.layers.11.self_attention.linear_qkv.weight (param.main_grad.dtype=torch.bfloat16)
0: 	encoders.clip_encoder.layers.11.self_attention.linear_qkv.layer_norm_bias (param.main_grad.dtype=torch.bfloat16)
0: 	encoders.clip_encoder.layers.11.self_attention.linear_qkv.layer_norm_weight (param.main_grad.dtype=torch.bfloat16)
0: 	encoders.clip_encoder.layers.11.self_attention.linear_proj.bias (param.main_grad.dtype=torch.bfloat16)
0: 	encoders.clip_encoder.layers.11.self_attention.linear_proj.weight (param.main_grad.dtype=torch.bfloat16)
0: 	encoders.clip_encoder.layers.10.mlp.linear_fc2.bias (param.main_grad.dtype=torch.bfloat16)
0: 	encoders.clip_encoder.layers.10.mlp.linear_fc2.weight (param.main_grad.dtype=torch.bfloat16)
0: Params for bucket 4 (170063424 elements, 170063488 padded size, 0 param(s) with extra main_grads):
0: 	encoders.clip_encoder.layers.10.mlp.linear_fc1.bias (param.main_grad.dtype=torch.bfloat16)
0: 	encoders.clip_encoder.layers.10.mlp.linear_fc1.weight (param.main_grad.dtype=torch.bfloat16)
0: 	encoders.clip_encoder.layers.10.mlp.linear_fc1.layer_norm_bias (param.main_grad.dtype=torch.bfloat16)
0: 	encoders.clip_encoder.layers.10.mlp.linear_fc1.layer_norm_weight (param.main_grad.dtype=torch.bfloat16)
0: 	encoders.clip_encoder.layers.10.self_attention.linear_qkv.bias (param.main_grad.dtype=torch.bfloat16)
0: 	encoders.clip_encoder.layers.10.self_attention.linear_qkv.weight (param.main_grad.dtype=torch.bfloat16)
0: 	encoders.clip_encoder.layers.10.self_attention.linear_qkv.layer_norm_bias (param.main_grad.dtype=torch.bfloat16)
0: 	encoders.clip_encoder.layers.10.self_attention.linear_qkv.layer_norm_weight (param.main_grad.dtype=torch.bfloat16)
0: 	encoders.clip_encoder.layers.10.self_attention.linear_proj.bias (param.main_grad.dtype=torch.bfloat16)
0: 	encoders.clip_encoder.layers.10.self_attention.linear_proj.weight (param.main_grad.dtype=torch.bfloat16)
0: 	encoders.clip_encoder.layers.9.mlp.linear_fc2.bias (param.main_grad.dtype=torch.bfloat16)
0: 	encoders.clip_encoder.layers.9.mlp.linear_fc2.weight (param.main_grad.dtype=torch.bfloat16)
0: 	encoders.clip_encoder.layers.9.mlp.linear_fc1.bias (param.main_grad.dtype=torch.bfloat16)
0: 	encoders.clip_encoder.layers.9.mlp.linear_fc1.weight (param.main_grad.dtype=torch.bfloat16)
0: 	encoders.clip_encoder.layers.9.mlp.linear_fc1.layer_norm_bias (param.main_grad.dtype=torch.bfloat16)
0: 	encoders.clip_encoder.layers.9.mlp.linear_fc1.layer_norm_weight (param.main_grad.dtype=torch.bfloat16)
0: 	encoders.clip_encoder.layers.9.self_attention.linear_qkv.bias (param.main_grad.dtype=torch.bfloat16)
0: 	encoders.clip_encoder.layers.9.self_attention.linear_qkv.weight (param.main_grad.dtype=torch.bfloat16)
0: 	encoders.clip_encoder.layers.9.self_attention.linear_qkv.layer_norm_bias (param.main_grad.dtype=torch.bfloat16)
0: 	encoders.clip_encoder.layers.9.self_attention.linear_qkv.layer_norm_weight (param.main_grad.dtype=torch.bfloat16)
0: 	encoders.clip_encoder.layers.9.self_attention.linear_proj.bias (param.main_grad.dtype=torch.bfloat16)
0: 	encoders.clip_encoder.layers.9.self_attention.linear_proj.weight (param.main_grad.dtype=torch.bfloat16)
0: 	encoders.clip_encoder.layers.8.mlp.linear_fc2.bias (param.main_grad.dtype=torch.bfloat16)
0: 	encoders.clip_encoder.layers.8.mlp.linear_fc2.weight (param.main_grad.dtype=torch.bfloat16)
0: 	encoders.clip_encoder.layers.8.mlp.linear_fc1.bias (param.main_grad.dtype=torch.bfloat16)
0: 	encoders.clip_encoder.layers.8.mlp.linear_fc1.weight (param.main_grad.dtype=torch.bfloat16)
0: 	encoders.clip_encoder.layers.8.mlp.linear_fc1.layer_norm_bias (param.main_grad.dtype=torch.bfloat16)
0: 	encoders.clip_encoder.layers.8.mlp.linear_fc1.layer_norm_weight (param.main_grad.dtype=torch.bfloat16)
0: 	encoders.clip_encoder.layers.8.self_attention.linear_qkv.bias (param.main_grad.dtype=torch.bfloat16)
0: 	encoders.clip_encoder.layers.8.self_attention.linear_qkv.weight (param.main_grad.dtype=torch.bfloat16)
0: 	encoders.clip_encoder.layers.8.self_attention.linear_qkv.layer_norm_bias (param.main_grad.dtype=torch.bfloat16)
0: 	encoders.clip_encoder.layers.8.self_attention.linear_qkv.layer_norm_weight (param.main_grad.dtype=torch.bfloat16)
0: 	encoders.clip_encoder.layers.8.self_attention.linear_proj.bias (param.main_grad.dtype=torch.bfloat16)
0: 	encoders.clip_encoder.layers.8.self_attention.linear_proj.weight (param.main_grad.dtype=torch.bfloat16)
0: 	encoders.clip_encoder.layers.7.mlp.linear_fc2.bias (param.main_grad.dtype=torch.bfloat16)
0: 	encoders.clip_encoder.layers.7.mlp.linear_fc2.weight (param.main_grad.dtype=torch.bfloat16)
0: 	encoders.clip_encoder.layers.7.mlp.linear_fc1.bias (param.main_grad.dtype=torch.bfloat16)
0: 	encoders.clip_encoder.layers.7.mlp.linear_fc1.weight (param.main_grad.dtype=torch.bfloat16)
0: 	encoders.clip_encoder.layers.7.mlp.linear_fc1.layer_norm_bias (param.main_grad.dtype=torch.bfloat16)
0: 	encoders.clip_encoder.layers.7.mlp.linear_fc1.layer_norm_weight (param.main_grad.dtype=torch.bfloat16)
0: 	encoders.clip_encoder.layers.7.self_attention.linear_qkv.bias (param.main_grad.dtype=torch.bfloat16)
0: 	encoders.clip_encoder.layers.7.self_attention.linear_qkv.weight (param.main_grad.dtype=torch.bfloat16)
0: 	encoders.clip_encoder.layers.7.self_attention.linear_qkv.layer_norm_bias (param.main_grad.dtype=torch.bfloat16)
0: 	encoders.clip_encoder.layers.7.self_attention.linear_qkv.layer_norm_weight (param.main_grad.dtype=torch.bfloat16)
0: 	encoders.clip_encoder.layers.7.self_attention.linear_proj.bias (param.main_grad.dtype=torch.bfloat16)
0: 	encoders.clip_encoder.layers.7.self_attention.linear_proj.weight (param.main_grad.dtype=torch.bfloat16)
0: 	encoders.clip_encoder.layers.6.mlp.linear_fc2.bias (param.main_grad.dtype=torch.bfloat16)
0: 	encoders.clip_encoder.layers.6.mlp.linear_fc2.weight (param.main_grad.dtype=torch.bfloat16)
0: 	encoders.clip_encoder.layers.6.mlp.linear_fc1.bias (param.main_grad.dtype=torch.bfloat16)
0: 	encoders.clip_encoder.layers.6.mlp.linear_fc1.weight (param.main_grad.dtype=torch.bfloat16)
0: 	encoders.clip_encoder.layers.6.mlp.linear_fc1.layer_norm_bias (param.main_grad.dtype=torch.bfloat16)
0: 	encoders.clip_encoder.layers.6.mlp.linear_fc1.layer_norm_weight (param.main_grad.dtype=torch.bfloat16)
0: 	encoders.clip_encoder.layers.6.self_attention.linear_qkv.bias (param.main_grad.dtype=torch.bfloat16)
0: 	encoders.clip_encoder.layers.6.self_attention.linear_qkv.weight (param.main_grad.dtype=torch.bfloat16)
0: 	encoders.clip_encoder.layers.6.self_attention.linear_qkv.layer_norm_bias (param.main_grad.dtype=torch.bfloat16)
0: 	encoders.clip_encoder.layers.6.self_attention.linear_qkv.layer_norm_weight (param.main_grad.dtype=torch.bfloat16)
0: 	encoders.clip_encoder.layers.6.self_attention.linear_proj.bias (param.main_grad.dtype=torch.bfloat16)
0: 	encoders.clip_encoder.layers.6.self_attention.linear_proj.weight (param.main_grad.dtype=torch.bfloat16)
0: 	encoders.clip_encoder.layers.5.mlp.linear_fc2.bias (param.main_grad.dtype=torch.bfloat16)
0: 	encoders.clip_encoder.layers.5.mlp.linear_fc2.weight (param.main_grad.dtype=torch.bfloat16)
0: 	encoders.clip_encoder.layers.5.mlp.linear_fc1.bias (param.main_grad.dtype=torch.bfloat16)
0: 	encoders.clip_encoder.layers.5.mlp.linear_fc1.weight (param.main_grad.dtype=torch.bfloat16)
0: 	encoders.clip_encoder.layers.5.mlp.linear_fc1.layer_norm_bias (param.main_grad.dtype=torch.bfloat16)
0: 	encoders.clip_encoder.layers.5.mlp.linear_fc1.layer_norm_weight (param.main_grad.dtype=torch.bfloat16)
0: 	encoders.clip_encoder.layers.5.self_attention.linear_qkv.bias (param.main_grad.dtype=torch.bfloat16)
0: 	encoders.clip_encoder.layers.5.self_attention.linear_qkv.weight (param.main_grad.dtype=torch.bfloat16)
0: 	encoders.clip_encoder.layers.5.self_attention.linear_qkv.layer_norm_bias (param.main_grad.dtype=torch.bfloat16)
0: 	encoders.clip_encoder.layers.5.self_attention.linear_qkv.layer_norm_weight (param.main_grad.dtype=torch.bfloat16)
0: 	encoders.clip_encoder.layers.5.self_attention.linear_proj.bias (param.main_grad.dtype=torch.bfloat16)
0: 	encoders.clip_encoder.layers.5.self_attention.linear_proj.weight (param.main_grad.dtype=torch.bfloat16)
0: 	encoders.clip_encoder.layers.4.mlp.linear_fc2.bias (param.main_grad.dtype=torch.bfloat16)
0: 	encoders.clip_encoder.layers.4.mlp.linear_fc2.weight (param.main_grad.dtype=torch.bfloat16)
0: 	encoders.clip_encoder.layers.4.mlp.linear_fc1.bias (param.main_grad.dtype=torch.bfloat16)
0: 	encoders.clip_encoder.layers.4.mlp.linear_fc1.weight (param.main_grad.dtype=torch.bfloat16)
0: 	encoders.clip_encoder.layers.4.mlp.linear_fc1.layer_norm_bias (param.main_grad.dtype=torch.bfloat16)
0: 	encoders.clip_encoder.layers.4.mlp.linear_fc1.layer_norm_weight (param.main_grad.dtype=torch.bfloat16)
0: 	encoders.clip_encoder.layers.4.self_attention.linear_qkv.bias (param.main_grad.dtype=torch.bfloat16)
0: 	encoders.clip_encoder.layers.4.self_attention.linear_qkv.weight (param.main_grad.dtype=torch.bfloat16)
0: 	encoders.clip_encoder.layers.4.self_attention.linear_qkv.layer_norm_bias (param.main_grad.dtype=torch.bfloat16)
0: 	encoders.clip_encoder.layers.4.self_attention.linear_qkv.layer_norm_weight (param.main_grad.dtype=torch.bfloat16)
0: 	encoders.clip_encoder.layers.4.self_attention.linear_proj.bias (param.main_grad.dtype=torch.bfloat16)
0: 	encoders.clip_encoder.layers.4.self_attention.linear_proj.weight (param.main_grad.dtype=torch.bfloat16)
0: 	encoders.clip_encoder.layers.3.mlp.linear_fc2.bias (param.main_grad.dtype=torch.bfloat16)
0: 	encoders.clip_encoder.layers.3.mlp.linear_fc2.weight (param.main_grad.dtype=torch.bfloat16)
0: 	encoders.clip_encoder.layers.3.mlp.linear_fc1.bias (param.main_grad.dtype=torch.bfloat16)
0: 	encoders.clip_encoder.layers.3.mlp.linear_fc1.weight (param.main_grad.dtype=torch.bfloat16)
0: 	encoders.clip_encoder.layers.3.mlp.linear_fc1.layer_norm_bias (param.main_grad.dtype=torch.bfloat16)
0: 	encoders.clip_encoder.layers.3.mlp.linear_fc1.layer_norm_weight (param.main_grad.dtype=torch.bfloat16)
0: 	encoders.clip_encoder.layers.3.self_attention.linear_qkv.bias (param.main_grad.dtype=torch.bfloat16)
0: 	encoders.clip_encoder.layers.3.self_attention.linear_qkv.weight (param.main_grad.dtype=torch.bfloat16)
0: 	encoders.clip_encoder.layers.3.self_attention.linear_qkv.layer_norm_bias (param.main_grad.dtype=torch.bfloat16)
0: 	encoders.clip_encoder.layers.3.self_attention.linear_qkv.layer_norm_weight (param.main_grad.dtype=torch.bfloat16)
0: 	encoders.clip_encoder.layers.3.self_attention.linear_proj.bias (param.main_grad.dtype=torch.bfloat16)
0: 	encoders.clip_encoder.layers.3.self_attention.linear_proj.weight (param.main_grad.dtype=torch.bfloat16)
0: 	encoders.clip_encoder.layers.2.mlp.linear_fc2.bias (param.main_grad.dtype=torch.bfloat16)
0: 	encoders.clip_encoder.layers.2.mlp.linear_fc2.weight (param.main_grad.dtype=torch.bfloat16)
0: 	encoders.clip_encoder.layers.2.mlp.linear_fc1.bias (param.main_grad.dtype=torch.bfloat16)
0: 	encoders.clip_encoder.layers.2.mlp.linear_fc1.weight (param.main_grad.dtype=torch.bfloat16)
0: 	encoders.clip_encoder.layers.2.mlp.linear_fc1.layer_norm_bias (param.main_grad.dtype=torch.bfloat16)
0: 	encoders.clip_encoder.layers.2.mlp.linear_fc1.layer_norm_weight (param.main_grad.dtype=torch.bfloat16)
0: 	encoders.clip_encoder.layers.2.self_attention.linear_qkv.bias (param.main_grad.dtype=torch.bfloat16)
0: 	encoders.clip_encoder.layers.2.self_attention.linear_qkv.weight (param.main_grad.dtype=torch.bfloat16)
0: 	encoders.clip_encoder.layers.2.self_attention.linear_qkv.layer_norm_bias (param.main_grad.dtype=torch.bfloat16)
0: 	encoders.clip_encoder.layers.2.self_attention.linear_qkv.layer_norm_weight (param.main_grad.dtype=torch.bfloat16)
0: 	encoders.clip_encoder.layers.2.self_attention.linear_proj.bias (param.main_grad.dtype=torch.bfloat16)
0: 	encoders.clip_encoder.layers.2.self_attention.linear_proj.weight (param.main_grad.dtype=torch.bfloat16)
0: 	encoders.clip_encoder.layers.1.mlp.linear_fc2.bias (param.main_grad.dtype=torch.bfloat16)
0: 	encoders.clip_encoder.layers.1.mlp.linear_fc2.weight (param.main_grad.dtype=torch.bfloat16)
0: 	encoders.clip_encoder.layers.1.mlp.linear_fc1.bias (param.main_grad.dtype=torch.bfloat16)
0: 	encoders.clip_encoder.layers.1.mlp.linear_fc1.weight (param.main_grad.dtype=torch.bfloat16)
0: 	encoders.clip_encoder.layers.1.mlp.linear_fc1.layer_norm_bias (param.main_grad.dtype=torch.bfloat16)
0: 	encoders.clip_encoder.layers.1.mlp.linear_fc1.layer_norm_weight (param.main_grad.dtype=torch.bfloat16)
0: 	encoders.clip_encoder.layers.1.self_attention.linear_qkv.bias (param.main_grad.dtype=torch.bfloat16)
0: 	encoders.clip_encoder.layers.1.self_attention.linear_qkv.weight (param.main_grad.dtype=torch.bfloat16)
0: 	encoders.clip_encoder.layers.1.self_attention.linear_qkv.layer_norm_bias (param.main_grad.dtype=torch.bfloat16)
0: 	encoders.clip_encoder.layers.1.self_attention.linear_qkv.layer_norm_weight (param.main_grad.dtype=torch.bfloat16)
0: 	encoders.clip_encoder.layers.1.self_attention.linear_proj.bias (param.main_grad.dtype=torch.bfloat16)
0: 	encoders.clip_encoder.layers.1.self_attention.linear_proj.weight (param.main_grad.dtype=torch.bfloat16)
0: 	encoders.clip_encoder.layers.0.mlp.linear_fc2.bias (param.main_grad.dtype=torch.bfloat16)
0: 	encoders.clip_encoder.layers.0.mlp.linear_fc2.weight (param.main_grad.dtype=torch.bfloat16)
0: 	encoders.clip_encoder.layers.0.mlp.linear_fc1.bias (param.main_grad.dtype=torch.bfloat16)
0: 	encoders.clip_encoder.layers.0.mlp.linear_fc1.weight (param.main_grad.dtype=torch.bfloat16)
0: 	encoders.clip_encoder.layers.0.mlp.linear_fc1.layer_norm_bias (param.main_grad.dtype=torch.bfloat16)
0: 	encoders.clip_encoder.layers.0.mlp.linear_fc1.layer_norm_weight (param.main_grad.dtype=torch.bfloat16)
0: 	encoders.clip_encoder.layers.0.self_attention.linear_qkv.bias (param.main_grad.dtype=torch.bfloat16)
0: 	encoders.clip_encoder.layers.0.self_attention.linear_qkv.weight (param.main_grad.dtype=torch.bfloat16)
0: 	encoders.clip_encoder.layers.0.self_attention.linear_qkv.layer_norm_bias (param.main_grad.dtype=torch.bfloat16)
0: 	encoders.clip_encoder.layers.0.self_attention.linear_qkv.layer_norm_weight (param.main_grad.dtype=torch.bfloat16)
0: 	encoders.clip_encoder.layers.0.self_attention.linear_proj.bias (param.main_grad.dtype=torch.bfloat16)
0: 	encoders.clip_encoder.layers.0.self_attention.linear_proj.weight (param.main_grad.dtype=torch.bfloat16)
0: 2026-04-05 22:43:01,100 [INFO] megatron.core.optimizer: Setting up optimizer with config OptimizerConfig(lr=0.0001, min_lr=None, decoupled_lr=None, decoupled_min_lr=None, weight_decay=0.01, apply_wd_to_qk_layernorm=False, fp8_recipe=None, fp16=False, bf16=True, reuse_grad_buf_for_mxfp8_param_ag=False, params_dtype=torch.float32, use_precision_aware_optimizer=False, store_param_remainders=True, main_grads_dtype=torch.float32, main_params_dtype=torch.float32, exp_avg_dtype=torch.float32, exp_avg_sq_dtype=torch.float32, optimizer='adam', loss_scale=None, initial_loss_scale=4294967296, min_loss_scale=1.0, loss_scale_window=1000, hysteresis=2, adam_beta1=0.9, adam_beta2=0.999, adam_eps=1e-08, decoupled_weight_decay=True, sgd_momentum=0.9, muon_momentum=0.95, muon_split_qkv=True, muon_use_nesterov=False, muon_scale_mode='spectral', muon_fp32_matmul_prec='medium', muon_coefficient_type='quintic', muon_num_ns_steps=5, muon_tp_mode='blockwise', muon_extra_scale_factor=1.0, muon_scalar_optimizer='adam', lion_beta1=0.95
0: , lion_beta2=0.98, use_distributed_optimizer=True, overlap_param_gather=False, overlap_param_gather_with_optimizer_step=False, optimizer_cpu_offload=False, optimizer_offload_fraction=0.0, use_torch_optimizer_for_cpu_offload=False, overlap_cpu_optimizer_d2h_h2d=False, pin_cpu_grads=True, pin_cpu_params=True, clip_grad=1.0, log_num_zeros_in_grad=False, barrier_with_L1_time=False, timers=None, config_logger_dir='')
0: 2026-04-05 22:43:04,528 [INFO] megatron.core.optimizer: Setting up optimizer with config OptimizerConfig(lr=0.0001, min_lr=None, decoupled_lr=None, decoupled_min_lr=None, weight_decay=0.01, apply_wd_to_qk_layernorm=False, fp8_recipe=None, fp16=False, bf16=True, reuse_grad_buf_for_mxfp8_param_ag=False, params_dtype=torch.float32, use_precision_aware_optimizer=False, store_param_remainders=True, main_grads_dtype=torch.float32, main_params_dtype=torch.float32, exp_avg_dtype=torch.float32, exp_avg_sq_dtype=torch.float32, optimizer='adam', loss_scale=None, initial_loss_scale=4294967296, min_loss_scale=1.0, loss_scale_window=1000, hysteresis=2, adam_beta1=0.9, adam_beta2=0.999, adam_eps=1e-08, decoupled_weight_decay=True, sgd_momentum=0.9, muon_momentum=0.95, muon_split_qkv=True, muon_use_nesterov=False, muon_scale_mode='spectral', muon_fp32_matmul_prec='medium', muon_coefficient_type='quintic', muon_num_ns_steps=5, muon_tp_mode='blockwise', muon_extra_scale_factor=1.0, muon_scalar_optimizer='adam', lion_beta1=0.95
0: , lion_beta2=0.98, use_distributed_optimizer=True, overlap_param_gather=False, overlap_param_gather_with_optimizer_step=False, optimizer_cpu_offload=False, optimizer_offload_fraction=0.0, use_torch_optimizer_for_cpu_offload=False, overlap_cpu_optimizer_d2h_h2d=False, pin_cpu_grads=True, pin_cpu_params=True, clip_grad=1.0, log_num_zeros_in_grad=False, barrier_with_L1_time=False, timers=None, config_logger_dir='')
0: 2026-04-05 22:43:04,580 [INFO] benchmarks.mimo_throughput.training:   Total FLOPs/iter: 1.97e+17, effective MBS: 1, PP: yes
0: /lustre/fs1/portfolios/coreai/projects/coreai_dlalgo_genai/users/ykarnati/public/Megatron-LM/.worktrees/encoder-offload-pr/megatron/core/distributed/param_and_grad_buffer.py:1211: UserWarning: TypedStorage is deprecated. It will be removed in the future and UntypedStorage will be the only storage class. This should only matter to you if you are using storages directly.  To access UntypedStorage directly, use tensor.untyped_storage() instead of tensor.storage()
0:   if move_params and self.param_data is not None and self.param_data.storage().size() > 0:
0: 2026-04-05 22:43:16,183 [INFO] megatron.core.models.mimo.encoder_offload: [OFFLOAD_PARAMS iter=0] 20.14 GB -> 17.02 GB (freed 3.11 GB)
0: 2026-04-05 22:43:50,511 [INFO] megatron.core.models.mimo.encoder_offload: [RELOAD iter=0] 62.88 GB -> 65.99 GB (+3.11 GB)
0: 2026-04-05 22:43:51,764 [INFO] megatron.core.models.mimo.encoder_offload: [RELOAD_SYNC iter=0] wait=0.00 ms (0 = fully overlapped)
0: [rank0]: Traceback (most recent call last):
0: [rank0]:   File "<frozen runpy>", line 198, in _run_module_as_main
0: [rank0]:   File "<frozen runpy>", line 88, in _run_code
0: [rank0]:   File "/lustre/fs1/portfolios/coreai/projects/coreai_dlalgo_genai/users/ykarnati/public/Megatron-LM/.worktrees/encoder-offload-pr/benchmarks/mimo_throughput/runner.py", line 271, in <module>
0: [rank0]:     main()
0: [rank0]:   File "/lustre/fs1/portfolios/coreai/projects/coreai_dlalgo_genai/users/ykarnati/public/Megatron-LM/.worktrees/encoder-offload-pr/benchmarks/mimo_throughput/runner.py", line 229, in main
0: [rank0]:     summary = run_benchmark(
0: [rank0]:               ^^^^^^^^^^^^^^
0: [rank0]:   File "/lustre/fs1/portfolios/coreai/projects/coreai_dlalgo_genai/users/ykarnati/public/Megatron-LM/.worktrees/encoder-offload-pr/benchmarks/mimo_throughput/training.py", line 1054, in run_benchmark
0: [rank0]:     optimizer.step()
0: [rank0]:   File "/usr/local/lib/python3.12/dist-packages/torch/utils/_contextlib.py", line 124, in decorate_context
0: [rank0]:     return func(*args, **kwargs)
0: [rank0]:            ^^^^^^^^^^^^^^^^^^^^^
0: [rank0]:   File "/lustre/fs1/portfolios/coreai/projects/coreai_dlalgo_genai/users/ykarnati/public/Megatron-LM/.worktrees/encoder-offload-pr/megatron/core/models/mimo/optimizer.py", line 88, in step
0: [rank0]:     grad_norm = self.get_grad_norm()
0: [rank0]:                 ^^^^^^^^^^^^^^^^^^^^
0: [rank0]:   File "/usr/local/lib/python3.12/dist-packages/torch/utils/_contextlib.py", line 124, in decorate_context
0: [rank0]:     return func(*args, **kwargs)
0: [rank0]:            ^^^^^^^^^^^^^^^^^^^^^
0: [rank0]:   File "/lustre/fs1/portfolios/coreai/projects/coreai_dlalgo_genai/users/ykarnati/public/Megatron-LM/.worktrees/encoder-offload-pr/megatron/core/models/mimo/optimizer.py", line 69, in get_grad_norm
0: [rank0]:     module_norm = info.optimizer.get_grad_norm() or 0.0
0: [rank0]:                   ^^^^^^^^^^^^^^^^^^^^^^^^^^^^^^
0: [rank0]:   File "/usr/local/lib/python3.12/dist-packages/torch/utils/_contextlib.py", line 124, in decorate_context
0: [rank0]:     return func(*args, **kwargs)
0: [rank0]:            ^^^^^^^^^^^^^^^^^^^^^
0: [rank0]:   File "/lustre/fs1/portfolios/coreai/projects/coreai_dlalgo_genai/users/ykarnati/public/Megatron-LM/.worktrees/encoder-offload-pr/megatron/core/optimizer/optimizer.py", line 1281, in get_grad_norm
0: [rank0]:     return self.chained_optimizers[0].get_grad_norm()
0: [rank0]:            ^^^^^^^^^^^^^^^^^^^^^^^^^^^^^^^^^^^^^^^^^^
0: [rank0]:   File "/usr/local/lib/python3.12/dist-packages/torch/utils/_contextlib.py", line 124, in decorate_context
0: [rank0]:     return func(*args, **kwargs)
0: [rank0]:            ^^^^^^^^^^^^^^^^^^^^^
0: [rank0]:   File "/lustre/fs1/portfolios/coreai/projects/coreai_dlalgo_genai/users/ykarnati/public/Megatron-LM/.worktrees/encoder-offload-pr/megatron/core/optimizer/optimizer.py", line 199, in get_grad_norm
0: [rank0]:     total_norm = get_grad_norm_fp32(
0: [rank0]:                  ^^^^^^^^^^^^^^^^^^^
0: [rank0]:   File "/lustre/fs1/portfolios/coreai/projects/coreai_dlalgo_genai/users/ykarnati/public/Megatron-LM/.worktrees/encoder-offload-pr/megatron/core/optimizer/clip_grads.py", line 130, in get_grad_norm_fp32
0: [rank0]:     torch.distributed.all_reduce(
0: [rank0]:   File "/usr/local/lib/python3.12/dist-packages/torch/distributed/c10d_logger.py", line 83, in wrapper
0: [rank0]:     return func(*args, **kwargs)
0: [rank0]:            ^^^^^^^^^^^^^^^^^^^^^
0: [rank0]:   File "/usr/local/lib/python3.12/dist-packages/torch/distributed/distributed_c10d.py", line 3006, in all_reduce
0: [rank0]:     work = group.allreduce([tensor], opts)
0: [rank0]:            ^^^^^^^^^^^^^^^^^^^^^^^^^^^^^^^
0: [rank0]: torch.distributed.DistBackendError: NCCL error in: /opt/pytorch/pytorch/torch/csrc/distributed/c10d/NCCLUtils.cpp:93, unhandled cuda error (run with NCCL_DEBUG=INFO for details), NCCL version 2.29.2
0: [rank0]: ncclUnhandledCudaError: Call to CUDA function failed.
0: [rank0]: Last error:
0: [rank0]: Failed to CUDA calloc async 328 bytes
0: [rank0]:[W405 22:43:55.501067042 ProcessGroupNCCL.cpp:1569] Warning: WARNING: destroy_process_group() was not called before program exit, which can leak resources. For more info, please see https://pytorch.org/docs/stable/distributed.html#shutdown (function operator())
0: Apr 05 22:43:59.746760 2648274 slurmstepd   0x155551d35640: error: *** STEP 10814567.0 ON pool0-00241 CANCELLED AT 2026-04-05T22:43:59 ***
